review,rating,date,bank,source,sentiment_label,sentiment_score
"The Dashen Super App is very impressive. It is fast, easy to use, and provides smooth access to all essential banking services. Money transfer, bill payment, balance check, and other features work efficiently without issues. The design is clean and user-friendly. Great step forward in digital banking ‚Äî keep up the good work, Dashen Bank!",5,2025-11-05,DASHEN,Google Play Store,positive,0.3893939393939394
"@Shewangizaw L. As a heavy user of the app , the issue you raised around resetting pass pin concerned me and gave it a try and found it to be safe. Basically the app will do two things: verifies one using an otp and then requires an in-person visit to bank's physical branch for final verification after resetting the password. Therefore, safe to use! I wish ""i""nformational tip was added around the reset button. Could not attach screenshot.",4,2025-10-06,DASHEN,Google Play Store,positive,0.185
"This might be the worst banking app I've ever used I dont know why kind of bug it is but suddenly the apps stops working it says ""Temporarily unavailable"" for a simple feature like viewing account balance and in person visit was no help it took them longer than 2 hours to fix it and even after that 2 weeks later the same problem just because of this I'm going to stop using the bank altogether which is a shame because it's a decent bank",1,2025-11-01,DASHEN,Google Play Store,negative,-0.03333333333333334
What do you care about my phone's settings? Who are you to tell me what to turn off and on? It is my phone after all. This *develoler option* thing will cost you a lot of users who are willing to leave the bank once and for all. Turn this thing off. 6 you fear this is a security issue fix your side not mine.,1,2025-11-25,DASHEN,Google Play Store,positive,0.25
"The Dashen Super App is very impressive. It is fast, easy to use, and provides smooth access to all essential banking services. Money transfer, bill payment, balance check, and other features work efficiently without issues. The design is clean and user-friendly. Great step forward in digital banking ‚Äî keep up the good work, Dashen Bank!..",5,2025-11-19,DASHEN,Google Play Store,positive,0.3893939393939394
it has improved very much lately its working more and getting better but yet it is not fully fixed some time at night it doesn't work..i think the problem is it was launched too early.,3,2025-11-04,DASHEN,Google Play Store,positive,0.18
"its fast and easy to communicate to the app and its available all area keep it up.i will make Happy for this application thank you dashen bank for your effort,commitment and dedication. i appricated your work.",5,2025-11-26,DASHEN,Google Play Store,positive,0.4583333333333333
"i love the app it features are perfect, but it asks to update too many times to activate your need to visit a nearest branch and that takes time. other than that the app is great I like it",5,2025-11-05,DASHEN,Google Play Store,positive,0.5349999999999999
NASTY BANK . EVEN THE SUPPER APP IS NOT WORKING WELL. WHEN I AM CALLING THEM THEY ARE NOT RESPONSE . PLEASE DON'T USE THIS APP BECAUSE YOU WILL LOSS YOU TIME ;ENERGY AND EVERYTHING . HOPELESS Bank .,1,2025-11-10,DASHEN,Google Play Store,negative,-1.0
I have one issue though what if the mobile phone with the sim is stolen and have no pattern or pin. The app allows to reset the pin directly without 2FA like finger print just by sending sms. which is a big gap. It should be addressed I didn't expect but it does and no trust at all.,1,2025-09-28,DASHEN,Google Play Store,positive,0.05
"The UI is impressive, but adding an ATM withdrawal feature for cardless cash access would enhance functionality. This may require updates to the ATM system as well. Please consider this, dev team.",4,2025-10-22,DASHEN,Google Play Store,positive,1.0
The app stops working whenever there is an update unless you update the app. But it is better if it kept working on and updating should be optional.,3,2025-09-26,DASHEN,Google Play Store,positive,0.5
"Super Up is the ultimate digital banking app, living up to its name with speed, efficiency, and innovation. Designed for a seamless experience, it offers lightning-fast transactions, top-tier security, and effortless financial management. With Super Up, banking has never been this smooth, smart, and super!",5,2025-10-27,DASHEN,Google Play Store,positive,0.18976190476190474
"not a great app compared to the others ,It freezes randomly ,Takes a lot to load ,and a lot of errors while sending money ,I stopped using it",1,2025-09-07,DASHEN,Google Play Store,negative,-0.45
"Only the UI/UX is good, but it doesn't function properly. It's a shame that a leading tech bank has such an app. Amole is far better.",1,2025-11-13,DASHEN,Google Play Store,positive,0.21666666666666665
"I just updated my app to the latest version and I couldn't even see my balance, send money or do anything. It says service is unavailable and it will be fixed soon.",5,2025-11-01,DASHEN,Google Play Store,positive,0.3
"it's a really slow app, I'm not sure what the issue is. Even other bank transfers are not working",2,2025-11-18,DASHEN,Google Play Store,negative,-0.225
bill payment options are limited in this app please add ethio telecom bill electric bill etc.. instead of adding nonsense in banking app,1,2025-11-18,DASHEN,Google Play Store,negative,-0.07142857142857142
"Dashen Bank Super App is incredibly convenient! Easy to use, fast, and reliable ‚Äì a great app to manage everything in one place.",5,2025-10-29,DASHEN,Google Play Store,positive,0.5533333333333333
"Dashen SuperApp is the worst app for me because it consistently fails during transfers. When I try to send money, the transaction freezes for extended periods‚Äîsometimes a full day, and often two or three days or more. Crucially, the funds are neither delivered to the recipient nor immediately refunded to my account, which is incredibly frustrating and makes me feel like I've lost my money. The app urgently needs a technical update to ensure transactions process smoothly and reliably.",1,2025-10-14,DASHEN,Google Play Store,negative,-0.08124999999999998
"The design is clean and modern, and everything works smoothly without bugs. I love how reliable the app is it makes banking so convenient.",5,2025-10-28,DASHEN,Google Play Store,positive,0.3666666666666667
"The best UI banking app from all those I used, other Ethiopian banks I used have a really old UI. This is very neat and easy to use. Also so reliable.",5,2025-09-26,DASHEN,Google Play Store,positive,0.32166666666666666
"Finally, banking made simple! Everything I need is in one super app. A true game changer for managing my finances on the go.",5,2025-10-28,DASHEN,Google Play Store,positive,0.056666666666666664
"I rarely leave reviews, but this app truly deserves one. It‚Äôs efficient, secure, and makes financial tasks effortless. Definitely a 5-star experience",5,2025-10-28,DASHEN,Google Play Store,positive,0.175
It‚Äôs impressive how consistently the app is improving. I‚Äôve been using it for months and they have improved a lot in terms of not only beauty but also performance wise.,5,2025-10-28,DASHEN,Google Play Store,positive,0.4875
"i rarely leave reviews, but this app truely deserves one.it's efficient ,secure , reliable and makes fanancial tasks effortless.definitely 5 stars for this exceptional app",5,2025-11-04,DASHEN,Google Play Store,positive,0.4291666666666666
"A true banking super app! The Dashen Super App combines great design, security, and an impressive range of features. Highly recommended for anyone looking for a complete digital banking experience.",5,2025-10-28,DASHEN,Google Play Store,positive,0.395
App is passive when compare to Amole it takes 3-5 seconds to open and i cannot refresh transactions what i did.,1,2025-10-03,DASHEN,Google Play Store,neutral,0.0
"This app makes my day-to-day payments so easy. Everything works perfectly, and it saves me a lot of time.",5,2025-10-28,DASHEN,Google Play Store,positive,0.7166666666666667
"I‚Äôve been using the the App, and it‚Äôs been working really well for my daily transactions. Good work üëå",5,2025-10-28,DASHEN,Google Play Store,positive,0.3
what happened to dashen bank? this is by far the worst banking app. extremely slow when it works and is out of service all the time,1,2025-09-08,DASHEN,Google Play Store,negative,-0.4000000000000001
I have been using this app for months and its easy to use and is user friendly thanks Dashen bank.,5,2025-10-28,DASHEN,Google Play Store,positive,0.3361111111111111
"All in One Super App with smooth navigation, transaction and lifestyle services",5,2025-11-14,DASHEN,Google Play Store,positive,0.3666666666666667
"This so-called ‚ÄúSuper App‚Äù is a complete disappointment. It‚Äôs confusing, slow, and full of glitches honestly, it feels like it was designed to test people‚Äôs patience, not to help them bank. Calling it ‚Äúsuper‚Äù is a joke; it‚Äôs one of the most useless apps I‚Äôve ever used.",1,2025-11-11,DASHEN,Google Play Store,positive,0.05166666666666666
It is a wonderful App developed by a local talent. It deserves an appreciation. It will continue to evolve with new exciting features.,5,2025-11-05,DASHEN,Google Play Store,positive,0.30727272727272725
"The app has potential, but the QR payment feature is disappointing. The scanner doesn‚Äôt work, and even though there‚Äôs an option to select a QR code from the gallery, it doesn‚Äôt function either. This makes paying with QR codes almost impossible. Fixing this would really improve the app.",3,2025-09-04,DASHEN,Google Play Store,negative,-0.26666666666666666
I have had an amazing experience with this app;ot os convenient and easy to use,5,2025-11-14,DASHEN,Google Play Store,positive,0.5166666666666667
"Wow, I really loved the new UI/UX! Great job, Dashen Bank! You guys are the best mobile banking in Ethiopia.",5,2025-09-25,DASHEN,Google Play Store,positive,0.594090909090909
Dashin mobile banking is become worest app like others Ethiopian bank apps. Amole was the best app ever I used. It was so flexible & reliable to use. and the best app user can login with new device without go to bank physically.,1,2025-09-05,DASHEN,Google Play Store,positive,0.5340909090909091
"""super Idiot app"" 1.it forced me to off many of my phone settings like developers option. 2.Never works fastly. 3.It needs multiple click. 4. Doesn't notify if received money & many many more *** The worst mobile app ever expanded***",1,2025-09-01,DASHEN,Google Play Store,positive,0.043333333333333314
"‚ÄãI appreciate that this app allowed me to access multiple services in one centralized place. Thank you, Dashen Bank!",5,2025-10-28,DASHEN,Google Play Store,neutral,0.0
"I had a disappointing experience with Dashen Bank's Super Up service. The app is very slow and takes forever to load during transactions, which is incredibly frustrating. Additionally, it doesn't generate receipts for any transactions, making it difficult to keep track of my expenses. I also reached out to customer support, but the response time was longer than expected. Overall, I was hoping for a better experience, but I find the service lacking and in need of improvement.",2,2025-04-09,DASHEN,Google Play Store,negative,-0.14458333333333334
"Great app, unfortunately I struggle to use it from outside Ethiopia. It tells me ""VPN enabled please disable VPN to continue using the app"". And that's happening without any VPN enabled. I think I will need to switch back to CBE because I need access to my bank account globally.",1,2025-08-15,DASHEN,Google Play Store,positive,0.06000000000000001
Astonishing interface with ease of access and complete performance,5,2025-10-28,DASHEN,Google Play Store,positive,0.3
"Updates every time ü•≤, when it's updated, it doesn't work at all. üò≠",1,2025-09-26,DASHEN,Google Play Store,neutral,0.0
"Amazing UI and UX, the dark mode looks absolutely awesome!",5,2025-10-28,DASHEN,Google Play Store,positive,0.4833333333333334
This is one of the most user friendly and impressive apps I have encountered in the banking sector,5,2025-10-28,DASHEN,Google Play Store,positive,0.625
"It was easy enough before. but now it won't even open , why? pls help if possible. The email address you provided under the App support also can't be found by Gmail. pls respond.",3,2025-08-14,DASHEN,Google Play Store,positive,0.10833333333333334
Dashen Bank Super App is the latest version of online banking system that is the gift from Dashen bank for us Thanks to Dashen,5,2025-11-04,DASHEN,Google Play Store,positive,0.3444444444444444
I really appreciate but we can't use it if don't have balance or data access,2,2025-10-01,DASHEN,Google Play Store,positive,0.2
The worst app ever. Extremely unreliable. Such a shame for a big bank.,1,2025-10-31,DASHEN,Google Play Store,negative,-0.28125
"Game changer app! Dashen Bank Super App is fast, secure, and easy to use. The three-click payment makes sending money super quick, and the QR code payment is perfect for cashless shopping. I also love the biometric login and easy airtime and bill payments. Everything I need is in one place. Dashen Bank has really raised the bar for digital banking in Ethiopia. Highly recommended!",5,2025-05-26,DASHEN,Google Play Store,positive,0.2974358974358975
I can't open virtual account.I have been trying it for about 3 days still no resolve.,2,2025-10-04,DASHEN,Google Play Store,neutral,0.0
"The app has evolved impressively over time. The latest release adds dark and light modes that enhance usability and design. It‚Äôs intuitive, modern, and clearly built with the user in mind ‚Äî setting a new benchmark for digital banking.",5,2025-10-28,DASHEN,Google Play Store,positive,0.2732954545454545
"not attractive and friendly app. Check Awash, CBE apps",1,2025-11-06,DASHEN,Google Play Store,negative,-0.012500000000000011
I love the new dark theme it gives the app modern feel n make it more comfortable to use,5,2025-10-28,DASHEN,Google Play Store,positive,0.2643939393939394
Dashen Super App contains extended selections for customers and can be easily accessible and also friendly to use.,2,2025-08-21,DASHEN,Google Play Store,positive,0.3611111111111111
with the super app evry thing i need is just a tap away,5,2025-11-17,DASHEN,Google Play Store,positive,0.3333333333333333
"I am very disappointed with the Dashin Bank Super App. The app does not allow me to withdraw 50 birr or can't transfer money and even I can't use it to buy airtime. This makes me feel like my 50 birr is no longer my money, but the bank‚Äôs money, since I cannot access or use it freely. According to the National Bank of Ethiopia (NBE), the rule is that 100 birr is not withdrawable, but it can be used to buy airtime or transferred to friends. Dashin Bank‚Äôs restriction goes beyond this rule and unfa",1,2025-09-06,DASHEN,Google Play Store,negative,-0.0805555555555556
"This is not only a mobile banking app, it is beyond that. We will access our account easily, we are able to get many information easily here. i.e. exchage rate. We are able to chat with others, we are able to budget, we are able to transfer to other bank and within Dashen. we are able to access many accounts in a single app, we are able to pay bills in QR scan, we are able to make payments and order delivery items here in a single app. #Always one step ahead.",5,2025-03-31,DASHEN,Google Play Store,positive,0.339920634920635
"Greately improved since it was released! I really like the budget and expense tegistration feature. For ATM or POS withdrawals, it is not possible to account these expenses, even if it is visible on the transactions window. If that can be worked on, it will be improve so much!!",5,2025-03-10,DASHEN,Google Play Store,positive,0.1708333333333333
"it say's disable developer option, i disabled it but its not working still",1,2025-11-17,DASHEN,Google Play Store,negative,-0.2
"Dashen Super App is a game-changer with its sleek, user-friendly interface. Lightning-fast responses and seamless navigation make every task a breeze. Love the organized layout and clear features that save time daily. Fantastic work‚Äîhighly recommended for effortless banking!",5,2025-10-28,DASHEN,Google Play Store,positive,0.2555555555555556
"As an Internal Customer, Dashen Bank SuperApp has greatly simplified my online banking experience. It's easy to use, allowing me to quickly check balances, transfer money and pay Bills. The app's advanced security features are highly secure, ensuring my data is well protected. The Three click, Chat Banking and IPS features have also given me a smarter experience. In deed Dashen Bank is always steping ahead!",5,2025-04-21,DASHEN,Google Play Store,positive,0.41111111111111115
"I have been using the Dashen Supper app mobile banking app , and overall, I appreciate its features.However,I‚Äôve noticed that when I turn on the developer options on my device, the app stops functioning properly. It would be great if you could look into this issue, as I often need to access developer settings for other applications . Thank you for your attention to this matter!",5,2025-04-21,DASHEN,Google Play Store,positive,0.1609375
"very slow and failed transaction multiple times, previous app was much better!!",2,2025-09-04,DASHEN,Google Play Store,negative,-0.05508333333333337
Excellent banking app for all your needs! Who needs a physical branch when you can use Dashen Bank Super App Instead! I've never had an issue with anything that Dashen Bank Super App haven't handled swiftly and resolved to my satisfaction and above I don't often write reviews but this is an app/bank that I would highly recommended to everyone üíØ üëåüëç,5,2025-01-22,DASHEN,Google Play Store,positive,0.3183333333333333
"Dashen SupApp is the most contemporary application, offering a great experience by enabling users to perform multiple tasks through a single platform‚Äîsuch as chatting with friends, transferring money, paying bills, and more. It is the first app of its kind in the Ethiopian banking industry, making it a remarkable opportunity for entrepreneurs working in app-based sales and software marketing. Good job, Dashen Bank!",5,2025-04-21,DASHEN,Google Play Store,positive,0.43702380952380954
"Dear Users of the Dashen Bank Super App,I have been using the Dashen Bank Super App for a while now, and I must say‚Äîit‚Äôs truly a game-changer! The app is incredibly fast and reliable; I‚Äôve never encountered any delays with my transactions. One feature I absolutely love is Chat Banking. It makes everyday tasks like checking my balance or transferring money as simple as sending a quick message. Also, the budgeting tool has been a huge help in tracking my spending and giving me a clearer",5,2025-04-21,DASHEN,Google Play Store,positive,0.24791666666666665
app is too slow not opening fast,1,2025-10-31,DASHEN,Google Play Store,negative,-0.05000000000000002
Your staffs are really hardworking but the app is not like your employees,3,2025-09-12,DASHEN,Google Play Store,positive,0.2
stunning UI with reliable service!,5,2025-10-28,DASHEN,Google Play Store,positive,0.625
"easy to use, friendly",5,2025-11-06,DASHEN,Google Play Store,positive,0.4041666666666667
This app has replaced several others for me. It has everything I need in one place.,5,2025-10-28,DASHEN,Google Play Store,neutral,0.0
"This app is not supporting smart phones that have old android version and so it is none inclusive. At the same time the amole lite is not working properly and once you reached to maximum otp trail mistakes due to network or other errors like stacks , you will be tied up to make Transactions. Ohh... tired!!!!!",1,2025-03-20,DASHEN,Google Play Store,negative,-0.13258928571428572
"it's seems to have some improvements, I don't know what's going on with this app sometimes get collapseed. This is not expected from Dashen bank, which is amongst from famous and greatest banks.",1,2025-10-30,DASHEN,Google Play Store,positive,0.5166666666666667
What's the problem with this app's that asking for updates on a daily basis?,1,2025-09-25,DASHEN,Google Play Store,neutral,0.0
"Before the recent update, this app was great. Now, the home page is cluttered with promotions and banners, which really hurts the experience. I think the app stopped being banking app and started only to promote b/c 95% of the app is only ads, also full of bugs",1,2025-11-01,DASHEN,Google Play Store,positive,0.225
always updating bad stability,1,2025-11-17,DASHEN,Google Play Store,negative,-0.6999999999999998
can't access as will if it's super and can't even access the service when you need it's a big failure,1,2025-08-22,DASHEN,Google Play Store,positive,0.005555555555555554
"its a very low quality and slow application, very unreliable in times of need",1,2025-08-13,DASHEN,Google Play Store,negative,-0.03333333333333335
it is totally work of failure. I personally prefer dashen amole instead of this super dull app.,1,2025-08-16,DASHEN,Google Play Store,negative,-0.05500000000000001
"I‚Äôve been using the Dashen Bank Super App for a while now, and it‚Äôs been a game-changer. The app is super fast and reliable‚ÄîI‚Äôve never had an issue with transactions being delayed. One of my favorite features is the chat banking, which makes it so easy to do things like check my balance or transfer money just by typing a quick message. The budgeting tool is also really useful. It helps me keep track of my spending and gives me a clear picture of where",5,2025-03-28,DASHEN,Google Play Store,positive,0.31666666666666665
"Dashen Super App is a game-changer! It‚Äôs fast, user-friendly, and packed with features that make everyday banking and transactions super convenient. I love how everything I need from mobile banking to utility payments is all in one place. The interface is clean, and everything works smoothly. Definitely one of the best apps out there. Highly recommended!",5,2025-04-21,DASHEN,Google Play Store,positive,0.312962962962963
I have used many mobile banking and also tellebir and mpesa nothing come close to this app. Well done Dashen indeed one step a head. A lot of cool features that amole hasn't the receipt and the account statement is superb for me. I hope you add more integrated small apps to.,5,2025-03-12,DASHEN,Google Play Store,positive,0.42000000000000004
"there is nothing super about this app, repeatedly failed transaction and wastes customer valuable time. if you have to do system upgrade do it at a time when there is less traffic demand. your Technical difficulty should not be reflected on customer.",2,2025-04-24,DASHEN,Google Play Store,negative,-0.10666666666666666
Finish the app development fully before you give the final result. It's is very inconvenient and not that reliable at the moment.,1,2025-10-08,DASHEN,Google Play Store,negative,-0.39
The app doesn't allow to switch between accounts. Why is it not possible to use two accounts on the same app even if the accounts have been opened at different branch?,2,2025-09-06,DASHEN,Google Play Store,neutral,0.0
"This is the worst mobile banking experience I‚Äôve ever had. It doesn‚Äôt work when you need it, and it randomly updates itself without warning. You can‚Äôt make transactions whenever you want. It‚Äôs a nightmare for anyone who relies on this as their main banking option, especially those with a lot of money in their account. I‚Äôm lucky I‚Äôm not one of them, but still, it‚Äôs infuriating not being able to access your money when you need it.""l",1,2025-04-07,DASHEN,Google Play Store,negative,-0.15714285714285717
"The Dashen Super App offers a quick and user-friendly experience, bringing together a variety of services, like budgeting, payments, airtime recharges, and more, all in one convenient platform. Its sleek design and intuitive navigation ensure effortless transactions. It's evident that Dashen Bank has carefully crafted the app to make everyday financial activities easier. A great choice for anyone aiming to streamline their digital routines!",5,2025-04-21,DASHEN,Google Play Store,positive,0.20166666666666666
"It has a great application features from the beginning. I'm glad to use it even I haven't used it yet because I haven't activated my account yet. But it's simple, comprehensive, full of information, and fast. ·â†·à≠·â± ·ã≥·à∏·äñ·âΩ: The super app has impressed me more than I expected.",5,2025-01-15,DASHEN,Google Play Store,positive,0.39814814814814814
"This is boring Mobile banking app, it is not work properly .so slow!",1,2025-08-11,DASHEN,Google Play Store,negative,-0.4583333333333333
Dashen super app is the best all ethiopian banks keep it,5,2025-09-27,DASHEN,Google Play Store,positive,0.6666666666666666
"The Dashen Bank Super App has truly elevated my mobile banking experience. It's fast, user-friendly, and packed with all the essential features. The interface is clean and intuitive, making navigation easy even for first-time users. I also appreciate the added security features that give me peace of mind while banking on the go. Dashen Bank has done an amazing job with this app‚Äîit‚Äôs reliable, efficient, and always improving. Highly recommended for anyone looking for seamless digital banking!",5,2025-04-21,DASHEN,Google Play Store,positive,0.24370370370370376
"The app is incredibly handy for managing multiple financial tasks, from bill payments to managing budgets. It‚Äôs saved me a lot of time and made banking way more convenient. Definitely worth checking out!",5,2025-04-21,DASHEN,Google Play Store,positive,0.29500000000000004
"i can't recommend the Dashen Super App enough! This app is truly a game changer for anyone looking for a seamless and efficient way to manage their daily life. It combines multiple essential services into one easy-to-use platform, saving time and simplifying tasks The user interface is modern, intuitive, and super responsive, making navigation a breeze. Whether it's banking, payment services, or accessing lifestyle features, everything is just a few clicks away!!",5,2025-04-21,DASHEN,Google Play Store,positive,0.025416666666666664
"This banking superapp is incredibly well designed. The design and appearance of the app and the overall experience I have when using the app is fantastic. The app is packed with features from banking to e-commerce all in one place.It even has a budget setting option which is super useful for managing my money. Everything runs smoothly and I love how convenient it has made my daily life. Huge Kudos to Dashen Bank. You are truly living up to the motto ''Always one step ahead."" Keep it up!",5,2025-04-21,DASHEN,Google Play Store,positive,0.3703703703703704
when i tried to open the app it re-downloading something big 3GB 4GB size and after 3 hours late it will open. it's my experience Very worst app it isn't lite app not works in every situation of networks.,1,2025-08-08,DASHEN,Google Play Store,negative,-0.26
"this app is not good and compatible with other Ethiopian bank apps, it is not fast, is stacks sometimes ,even some days it stops working at all.",1,2025-07-23,DASHEN,Google Play Store,negative,-0.19166666666666665
Cannot list the number of bugs with this pile of human waste. The absolute worst banking app I have ever used. 50 steps backwards. DO NOT RECOMMEND.,1,2025-07-02,DASHEN,Google Play Store,negative,-0.25
"It's very good, but there are some things that need to be improved by (speed & receipt view) to be competitive with the companies in the country, i.e.cbe&telebirr.",4,2025-08-12,DASHEN,Google Play Store,positive,0.9099999999999999
I like this mobile banking app very much. Overall user interface and navigation is awesome. But it lacks instant response when someone deposit or withdraw money.,2,2025-06-07,DASHEN,Google Play Store,positive,0.3333333333333333
"It's an amazing application to use bank transactions in Ethiopia and it's so friendly btw, but need to ck that account link when we lost our mobile it's ver difficult to link up for the next one pls ck",5,2025-06-14,DASHEN,Google Play Store,positive,0.11875000000000002
"This app is the most unreliable mobile banking application I have ever used for transaction, it is very late, non-responsive and full of bugs. Its is very disappointing. It is just inconvinient, and not user friendly and compatabke at all !!!!!!",1,2025-03-14,DASHEN,Google Play Store,positive,0.13599999999999998
would most likely rate it even less but it does have it's perks. But for the most part the whole app is filled with bugs and it stops being responsive almost everytime. Besides some new features and the new UI design I most definitely prefer the old amole Version. either fix this mess or bring back Amole,2,2025-08-01,DASHEN,Google Play Store,positive,0.16392773892773896
it is Excellent April jest continue more abeaten.....,4,2025-10-19,DASHEN,Google Play Store,positive,0.75
"I am very impressed with the Dashen super app. It is user-friendly and operates efficiently. The budget and chatbot features are impressive, and all items can be purchased with just three clicks.",5,2025-04-21,DASHEN,Google Play Store,positive,0.7777777777777777
"Dashen SuperApp the ultimate all-in-one solution! From banking and shopping to bill payments, everything you need is right at your fingertips. Life just got a whole lot easier!",5,2025-04-21,DASHEN,Google Play Store,positive,0.17857142857142858
"A truly impressive app ‚Äî user-friendly and a game-changer in Ethiopian banking. The Dashen Super App stands out as one of the most innovative and convenient digital banking solutions in Ethiopia‚Äôs financial history. Smooth navigation, seamless features, and a wide range of services all in one place. Well done!",5,2025-04-21,DASHEN,Google Play Store,positive,0.3009259259259259
"Good improvements after the Sep 25, 2025 update.",4,2025-09-29,DASHEN,Google Play Store,positive,0.7
"Please try to fix the barrier between other banks specially with ""Commercial bank of Ethiopia""",3,2025-11-05,DASHEN,Google Play Store,positive,0.07738095238095238
"The app even in its' first phase is too far one step booster that enables a user to perform a seamless Banking service with multi step security features at his/her comfort zone. It really assured that Dashen Bank is living the Logo ""ALWAYS ONE STEP AHEAD""",5,2025-07-20,DASHEN,Google Play Store,positive,0.16249999999999998
"Dashen, always two step ahead.",5,2025-11-05,DASHEN,Google Play Store,neutral,0.0
"I appreciate how secure this app feels. Every transaction comes with confirmation, and I always get alerts immediately.",5,2025-10-28,DASHEN,Google Play Store,positive,0.4
"It's an unpredictable app, I can't make transactions, and now I can't even get the OTP! So it's going from bad to worse! Thank goodness the Amole Dashen app still exists.",1,2025-06-25,DASHEN,Google Play Store,negative,-0.4694444444444444
The updated design looks amazing. I really appreciate being able to switch between dark and light mode it‚Äôs a small change that makes a big difference!,5,2025-10-28,DASHEN,Google Play Store,positive,0.18571428571428575
"Dashen superapp just keeps improving. The new theme options are beautiful, and the overall experience is faster and smoother than ever",5,2025-10-28,DASHEN,Google Play Store,positive,0.3287878787878788
"It's great! But it will be advanced if you include a caption that allow customers to transfer to Telebirr account. Dashen Bank, ""·ä©·àâ ·åç·ãú·ç° ·àì·ã∞ ·àµ·åï·àö ·âÄ·ã≥·àö·ç¢"" (Always one step ahead!)",4,2025-01-15,DASHEN,Google Play Store,positive,0.75
"Banking, but make it smart. Local solutions, all in one place. Smooth, fast, and actually saving time. Feels like the future. Love it!",5,2025-04-21,DASHEN,Google Play Store,positive,0.20561224489795918
"After i download the app recently had a smooth expriance, its user friendly, fast, and everything works as expected. keep up the good work.",5,2025-04-21,DASHEN,Google Play Store,positive,0.2625
"A solid step forward by Dashen Bank. The SuperApp combines essential banking features with lifestyle services, making everything accessible in one place. The interface is smooth, and transactions are quick and reliable. It‚Äôs clear a lot of thought went into the design and functionality. Great job!",5,2025-04-21,DASHEN,Google Play Store,positive,0.3154761904761905
"Dashen SuperApp is a lifesaver! Banking, shopping, and bills in one super easy app. The new e-commerce feature is awesome and supports local merchants. Fast, secure, and proudly Ethiopian.Download it now‚Äîyou won‚Äôt regret it!",5,2025-04-21,DASHEN,Google Play Store,positive,0.43787878787878787
"The app has various usefull functions, which make easy the payment system. Also, it will connect with sellers having reasonable prices.",5,2025-04-22,DASHEN,Google Play Store,positive,0.2111111111111111
I wanted to share some concerns about your Supper App. It appears to be experiencing reliability issues and isn‚Äôt performing as expected. I hope this can be addressed soon to improve the user experience. One star üåü for now.,1,2025-03-19,DASHEN,Google Play Store,negative,-0.1
"one of the best digital platforms I've used! from smooth transactions to a seamless shopping experience, highly recommended.",5,2025-04-21,DASHEN,Google Play Store,positive,0.33199999999999996
Nothing is changed in the updated version. You have been collecting comments but where is the feed back you improved in this version. superapp is mot functioning today.,4,2025-05-20,DASHEN,Google Play Store,neutral,0.0
"The new mobile banking application is a major upgrade! It‚Äôs incredibly user-friendly, with a clean and modern design that makes navigation simple and intuitive. I really appreciate how fast it loads and how smooth the overall experience is. All essential services like balance checks, transfers, and bill payments are eas y to find and use. The added security features give me peace of mind, and the app runs reliably without crashes or glitches. It‚Äôs clear a lot of thought went into the user experi",5,2025-04-21,DASHEN,Google Play Store,positive,0.21509627525252525
"Simple, robust features? Yes, please! But the endless loading screen killed the fun‚ÄîI couldn‚Äôt use it for days. Fix the glitch, and I‚Äôll yeet a higher rating!",2,2025-05-26,DASHEN,Google Play Store,negative,-0.0031250000000000028
It has a Good performance but need more upgrade for more performance like when we login account not be fast balance show other thing looking good. Carry on. Thanks so much for Greatest service,4,2025-01-17,DASHEN,Google Play Store,positive,0.4305555555555556
"It is,really super because of its unique offerings to individuals and businesses.It is a secure UX first app intended to cater comprehensive digital meeds.I am also happy to know that Dashen is considering to make the app more inclusive by lowering the mobile version requirements .",5,2025-04-21,DASHEN,Google Play Store,positive,0.37976190476190474
clear and presize,5,2025-11-15,DASHEN,Google Play Store,positive,0.09999999999999999
"One of the best digital platforms I‚Äôve used! From smooth transactions to a seamless shopping experience, Highly recommended",5,2025-04-21,DASHEN,Google Play Store,positive,0.33199999999999996
"dashen bank supper app is the most easy to use and have high speed,quality and I like features like chat,budget,fuel payment, and security for my opinion this product is techonolgy edge,this international standard thanks for product oweners (dashen bank)",3,2025-04-21,DASHEN,Google Play Store,positive,0.21555555555555553
"This super app is a total game-changer‚Äîfast, reliable, and packed with everything I need in one place. It‚Äôs seamless and super convenient. Love it!""",5,2025-04-23,DASHEN,Google Play Store,positive,0.2783333333333333
"It has good feature. But, it is Very Slow! difficult to pay or receive. The Speed should be improved, else I didn't recommend.",2,2025-02-24,DASHEN,Google Play Store,negative,-0.09583333333333338
Its good app than other compitators but it confuse when we transfer it needs OTP and PIN most user inter their pin instead of OTP we know the litrecy level of our society so if it is device based i dont know the needs of OTP so please try to fix,3,2025-05-18,DASHEN,Google Play Store,positive,0.35833333333333334
"A game changer in Ethiopian digital banking fast, secure, and packed with services. Everything you need, all in one powerful app. A true leap toward financial convenience and innovation!",4,2025-04-21,DASHEN,Google Play Store,positive,0.12142857142857143
"The App is incredibly user-friendly and brings multiple services into one place. It's fast, intuitive, and makes daily tasks super convenient. A true all-in-one solution!",5,2025-04-21,DASHEN,Google Play Store,positive,0.31180555555555556
I was really amazed by the idea of an e-commerce service on a banking app. This is what it means to be one step ahead. Please include all kinds of products in there as soon as possible.,5,2025-04-21,DASHEN,Google Play Store,positive,0.1
Very nice App.,5,2025-11-14,DASHEN,Google Play Store,positive,0.78
Amazing app to use as usual! But why option of transferring to Telebirr and M pesa which was available on Amole app is omitted?? Dasheen is my favourite keep it up.,4,2025-01-20,DASHEN,Google Play Store,positive,0.2291666666666667
"This is amazing app, as it name ,truly supper.",5,2025-10-28,DASHEN,Google Play Store,positive,0.6000000000000001
"Dashen Bank Super App is fast, reliable, and super easy to use. All my banking needs are handled smoothly in one place. Clean design and seamless experience ‚Äì highly recommended!",5,2025-04-21,DASHEN,Google Play Store,positive,0.2958333333333334
The app is very backward and doesn't always work. If it works three hours out of 24 hours it's great!üò•,1,2025-04-14,DASHEN,Google Play Store,positive,0.2
"Highly impressed! Dash Bank really nailed it with this app. Secure, reliable, and packed with features I use daily",5,2025-04-21,DASHEN,Google Play Store,positive,0.4
"while it's very secure, it is very slower than other mobile banking apps. it is very lazy app!",2,2025-07-12,DASHEN,Google Play Store,positive,0.04718749999999999
simple and easy to use,5,2025-09-08,DASHEN,Google Play Store,positive,0.21666666666666667
It is good apps but it needs strong network,5,2025-09-06,DASHEN,Google Play Store,positive,0.5666666666666667
"One app for everything! I can shop, manage my bank account , and do so much more . Truly a super app",5,2025-04-21,DASHEN,Google Play Store,positive,0.41666666666666663
"excellent app. to use perfectlly to pay,transfer,tele airtime and so on.",5,2025-11-12,DASHEN,Google Play Store,positive,1.0
"The user experience is seamless, and everything just works perfectly right out of the box. I can‚Äôt believe how much time and effort it saves me every day.",5,2025-04-21,DASHEN,Google Play Store,positive,0.1952380952380952
The worst banking app in Ethiopia. It forces you to change your PIN every three months.,1,2025-08-16,DASHEN,Google Play Store,negative,-1.0
"The app keeps getting better with every update! Smooth performance, great UI, and top-notch security. Thank you for making banking so convenient!""",5,2025-04-21,DASHEN,Google Play Store,positive,0.70625
very nice app I have ever seen,5,2025-11-10,DASHEN,Google Play Store,positive,0.78
"A powerful, local solution that rivals any global app. I love how easy it is to explore services and products.",5,2025-04-22,DASHEN,Google Play Store,positive,0.24666666666666667
very easy app,3,2025-11-23,DASHEN,Google Play Store,positive,0.5633333333333334
It's slow to send OTP. it's not reliable. It crushed many times. It needs improvement in many ways,1,2025-04-07,DASHEN,Google Play Store,positive,0.15
"Dashen Bank Super App is a game-changer! The user-friendly design, wide range of services, and smooth performance make it incredibly convenient for everyday banking. It‚Äôs fast, secure, and truly reflects the bank‚Äôs commitment to digital excellence. Highly recommended!",5,2025-04-21,DASHEN,Google Play Store,positive,0.24629629629629632
"Smooth and secure experience transfers, bill payments, and tracking expenses are all effortless. The intuitive design makes banking on the go.",5,2025-04-24,DASHEN,Google Play Store,positive,0.4
It is an amazing app and all in one,5,2025-09-27,DASHEN,Google Play Store,positive,0.6000000000000001
The worst app. It needs updating everyday. Ouch ü§ï,1,2025-09-19,DASHEN,Google Play Store,negative,-0.6
the best app from other dashen is unique its fast app ever i had in my life,5,2025-09-26,DASHEN,Google Play Store,positive,0.3625
I love the new user interface,5,2025-09-26,DASHEN,Google Play Store,positive,0.3181818181818182
excellent UI improvement üíØüíØ,5,2025-09-24,DASHEN,Google Play Store,positive,1.0
"is not working right now with snmsung galaxy f15, please help me",1,2025-09-14,DASHEN,Google Play Store,positive,0.2857142857142857
App That makes cashless society in our century and Easy to use.,5,2025-09-27,DASHEN,Google Play Store,positive,0.43333333333333335
It takes gazillion years to open üò∂,3,2025-10-02,DASHEN,Google Play Store,neutral,0.0
dashen bank super up has very fast and convenience and also it has contain more things on one app .I am very interesting to use dashen bank super up,5,2025-04-21,DASHEN,Google Play Store,positive,0.41533333333333333
"Excellent, and it's truly a super app!",5,2025-08-24,DASHEN,Google Play Store,positive,0.7083333333333333
This app is not working unless you turn off developer mode on your phone. So it takes your rights to just use it.,2,2025-04-04,DASHEN,Google Play Store,neutral,0.0
modern perfect app interface with the best banking tools üëè,5,2025-08-09,DASHEN,Google Play Store,positive,0.7333333333333334
"Exceptional digital experience, SupperApp will bring new paradigm shift in the banking business. Bravo Dashen keep it up!!!!",5,2025-04-22,DASHEN,Google Play Store,positive,0.33319523358585856
The app missed some important features 1. It does't show recent transactions 2. Transfer to Telebirr limited to own telebirr 3. The statement does't show running balance,2,2025-02-11,DASHEN,Google Play Store,positive,0.23214285714285715
Applause üëè Dashen Bank. One of the best super app inorder to pay easily and securely. One step a head.,5,2025-01-14,DASHEN,Google Play Store,positive,0.5416666666666666
Nice app but i experience some issues with others banks transfer it keeps saying account is not exist most of the time.,4,2025-03-08,DASHEN,Google Play Store,positive,0.55
good but it takes forever to load,3,2025-08-12,DASHEN,Google Play Store,positive,0.7
"I have experienced on using the app of Banks in Ethiopia, this Dashen sup is like old version of the applications for using. I gave 3 star for it's very low speed while login and processing",3,2025-04-07,DASHEN,Google Play Store,positive,0.3
"This is the first time i have experienced this much cool app out of all the other mobile banking platforms, im genuinely happy to see this kind of app here, tnx",5,2025-09-26,DASHEN,Google Play Store,positive,0.44583333333333336
"Db sup app is A platform or an application that can grasp more satisfactions through fastest mode of operation which means for budget planning, to use QR code(scan, pay, go) chat with staff, acc to acc other bank ft, merchant payment, and easly. I addition to i satisfied and i invite everyone to use those platform!!.",5,2025-04-21,DASHEN,Google Play Store,positive,0.3854166666666667
it has clear detail information about the application so it helps customer how to use the app. and it is very easy to use and also app is secure.,5,2025-04-21,DASHEN,Google Play Store,positive,0.3544444444444445
"It is a very user friendly, attractive user interface, full of useful features. I really encourage everyone to give it a try.",5,2025-04-21,DASHEN,Google Play Store,positive,0.37083333333333335
"All-in-one convenience, From managing accounts to paying bills and shopping online and the chat banking is game changer, this app does it all seamlessly.",5,2025-04-21,DASHEN,Google Play Store,negative,-0.15000000000000002
"I'm really impressed with this app! It‚Äôs user-friendly, runs smoothly, and has all the features I need. Makes my tasks so much easier and saves me a lot of time. Highly recommended!",5,2025-04-23,DASHEN,Google Play Store,positive,0.44999999999999996
"It is very slow and it lacks many features to be a super app. High rating is given by their employees, not by the customers.",1,2025-04-25,DASHEN,Google Play Store,positive,0.15083333333333332
"I tried the new Dash Bank Super App today, and it's amazingly easy and fun.I recommend you download and use it. You really like it",5,2025-02-06,DASHEN,Google Play Store,positive,0.27575757575757576
one of the best digital platforms I‚Äôve used! From smooth transactions to a seamless shopping experie,5,2025-04-21,DASHEN,Google Play Store,positive,0.375
"This app is literally the best thing ever The chat banking is so easy just text and it‚Äôs done Super smooth, fast, and honestly a life saverIf you haven‚Äôt downloaded it yet you‚Äôre missing out big time",5,2025-01-23,DASHEN,Google Play Store,positive,0.3458333333333333
"Transferring to other bank accounts is a hastle and inconvenient .Get used to seeing "" please try again """,2,2025-05-17,DASHEN,Google Play Store,negative,-0.3625
"Fast, reliable and user friendly. Amazing chatting features. Keep it up! Always one step ahead!",5,2025-01-24,DASHEN,Google Play Store,positive,0.5041666666666668
"This is the best app ever, when is it planned to include digital lending and gasification?",5,2025-04-22,DASHEN,Google Play Store,positive,0.5
The app has great user interface with comprehensive payments and E-commerce platforms. And also it includes unique features such as chat Banking and budget.,5,2025-04-22,DASHEN,Google Play Store,positive,0.39166666666666666
"#Dashen Super App; Super easy to use, secure, and fast transaction. Love it!",5,2025-02-07,DASHEN,Google Play Store,positive,0.3875
"the very easy, secured, fast and multifunctional dashen supper application I ever seen. dashen really one steps ahead!!!",5,2025-04-21,DASHEN,Google Play Store,positive,0.3846527777777778
"Dashen Super app is secure, very easy to use and has more services uniquely like budgeting, chat, IPS...",5,2025-02-14,DASHEN,Google Play Store,positive,0.43433333333333335
Effecting payment via the app has created convenience to the recipients in easily confirming the payments received!,5,2025-04-22,DASHEN,Google Play Store,positive,0.5416666666666667
"Very impressed with the new updates, The e-commerce section is smooth and supports Ethiopian merchants.",5,2025-04-21,DASHEN,Google Play Store,positive,0.5121212121212121
"I choose Dashen Bank Super Up since, it is easy to use & it has attractive features !",5,2025-04-21,DASHEN,Google Play Store,positive,0.5888888888888889
"Feature-rich? Absolutely. But the speed? Painfully slow. Seriously, is it communicating with a server on Mars or something?",5,2025-04-16,DASHEN,Google Play Store,negative,-0.14444444444444446
it can't do without data or wifi,1,2025-09-26,DASHEN,Google Play Store,neutral,0.0
"Simple for usage and well designed, attractive in its visual design, ""Always One Step Ahead""",5,2025-07-24,DASHEN,Google Play Store,positive,0.26666666666666666
"improve the app, please. it is not working. It says response timeout",1,2025-08-10,DASHEN,Google Play Store,neutral,0.0
"Dashen SuperApp blends finance, shopping, and daily services effortlessly. The new e-commerce feature is smooth and supports local merchants‚Äîproud to back an Ethiopian-made solution!",5,2025-04-21,DASHEN,Google Play Store,positive,0.10727272727272727
"There are plenty of features missed e. g electricity bill, water bill payments",2,2025-08-14,DASHEN,Google Play Store,neutral,0.0
"All-in-one finance & e-commerce super app! Pay, save, shop seamlessly. Fast, secure. #BankAndShop",5,2025-04-21,DASHEN,Google Play Store,positive,0.33888888888888885
very simple and user friendly app Thank you Dashen Bank,5,2025-06-12,DASHEN,Google Play Store,positive,0.1875
"The Dashen Super App is a game-changer in digital banking, offering a seamless and convenient experience. With its user-friendly interface, fast transactions, and a wide range of financial services, it simplifies banking for customers. Features like bill payments, fund transfers, mobile top-ups, and loan applications make it an all-in-one solution. Plus, its security measures ensure safe and reliable Experiance effortless banking",5,2025-02-26,DASHEN,Google Play Store,positive,0.1476190476190476
nice app especially GUI and I have got some error when you send within dashen bank the receipter is not get SMS notification,4,2025-05-03,DASHEN,Google Play Store,positive,0.3
very poor and time taking to use,1,2025-08-13,DASHEN,Google Play Store,negative,-0.52
fast and easy to use great App.,5,2025-08-12,DASHEN,Google Play Store,positive,0.4777777777777778
your service is too good,5,2025-11-09,DASHEN,Google Play Store,positive,0.7
‚ÄúLife-changing!‚Äù I can‚Äôt imagine going back to traditional banking after using this app. It‚Äôs so convenient.,5,2025-01-17,DASHEN,Google Play Store,neutral,0.0
Really the app looks like amazing. I can't wait to activate in the morning.,5,2025-01-14,DASHEN,Google Play Store,positive,0.4
making transactions has never been easier. the new update is just amazing,5,2025-04-22,DASHEN,Google Play Store,positive,0.3681818181818182
amazing app really i loved it .that's why we say dashen bank is one stap ahead. It's the best mobile application that should be on every phone.,5,2025-04-21,DASHEN,Google Play Store,positive,0.7666666666666666
Dashen Super App gives me an amazing convenience and makes life easy.,5,2025-04-21,DASHEN,Google Play Store,positive,0.45555555555555555
Dashen bank super app is the crucial and convenient app in Ethiopia. there is no other app to compare with Dashen bank super app,5,2025-04-21,DASHEN,Google Play Store,positive,0.18229166666666666
"A must have, seamless, all in one digital platform ""DB Superapp""! Keep living your motto ""Always one step ahead""",5,2025-05-12,DASHEN,Google Play Store,positive,0.05
The new e-commerce feature is incredibly amazing and user friendly.,5,2025-04-21,DASHEN,Google Play Store,positive,0.3704545454545454
"The Dashen Super App delivers a remarkably fast, highly secure, and exceptionally user-friendly experience, establishing it as a leading application in its category.keep it up and stay ahead Dashen Bank.",5,2025-04-14,DASHEN,Google Play Store,positive,0.4
"Excellent and user friendly App. Excellence is what makes you always one step ahead. Dashen Bank, Always One Step Ahead !!",5,2025-01-16,DASHEN,Google Play Store,positive,0.79296875
I really like this amazing application and Dashen Supper app that has made my life easier.,5,2025-04-21,DASHEN,Google Play Store,positive,0.4
Easy to use and has many options. It is the best financial app I have ever used.,5,2025-04-21,DASHEN,Google Play Store,positive,0.48333333333333334
It is so far so good it has a unique features than telebirr good job Dashen,5,2025-01-15,DASHEN,Google Play Store,positive,0.46874999999999994
i love this app esp 3 click that make e-commerce easier and convinient.,5,2025-04-22,DASHEN,Google Play Store,positive,0.5
"Dashen Bank Super Up,use the app and makes your easy,fast,convinent.",5,2025-04-21,DASHEN,Google Play Store,positive,0.3333333333333333
", Dashen Bank Supper App is multipurpose, convenient, very attractive and Make life easier",5,2025-04-21,DASHEN,Google Play Store,positive,1.0
Excellent app ever but it needs improvement on speed and transaction lists,1,2025-02-03,DASHEN,Google Play Store,positive,1.0
Amazing app super easy to use and best design. loved it.,5,2025-05-09,DASHEN,Google Play Store,positive,0.6133333333333333
A game-changing Ethiopian innovation‚Äîwhere shopping meets opportunity. The marketplace feature connects buyers and sellers like never before.,5,2025-04-21,DASHEN,Google Play Store,neutral,0.0
Incomparably user-friendly and fast app for mobile banking.,5,2025-04-24,DASHEN,Google Play Store,positive,0.30000000000000004
"I have an incredible experience with Dashen super app, what an amazing platform is it?. keep pioneering in technological advancement üëèüëèüëè",5,2025-04-21,DASHEN,Google Play Store,positive,0.6111111111111112
I am highly excited by using this application and it is the most favorable as well as preferrable mobile app.,5,2025-05-03,DASHEN,Google Play Store,positive,0.4375
Very good app that like it too. B/c it is very fast and easy to use.,5,2025-03-26,DASHEN,Google Play Store,positive,0.5344444444444444
"Dashen super app is easy to use, fast and robust",5,2025-01-31,DASHEN,Google Play Store,positive,0.3222222222222222
"The Dashen supperapp is a revolutionary advancement in digital banking, combining exceptional usability, an intuitive interface and a seamless user experience. among its standout features are the integration of QR codes, account statement, transaction advise, chat, transaction authentication for limit thresholds, budgeting and different app in a single dashboard. Truly ahead of the curve ..... keep up the excellent work ü§ùüëè",5,2025-04-21,DASHEN,Google Play Store,positive,0.28253968253968254
"amazing features, faster and easy to use",5,2025-04-21,DASHEN,Google Play Store,positive,0.5166666666666667
"#dashen super app is easy to use, secure & fast transactionüòç",5,2025-04-22,DASHEN,Google Play Store,positive,0.3416666666666666
Super Easy To Use and Fast Transaction.,5,2025-04-21,DASHEN,Google Play Store,positive,0.3222222222222222
"best ever digital banking sector essay for understanding ,smart and convince for using",5,2025-03-19,DASHEN,Google Play Store,positive,0.4047619047619047
Add the option to send money to any telebirr account like amole does.,3,2025-03-08,DASHEN,Google Play Store,neutral,0.0
dashen super app is simple faster and reliable.,5,2025-04-21,DASHEN,Google Play Store,positive,0.16666666666666666
"Dashen bank app is very good, but sometimes it is not working well",5,2025-05-15,DASHEN,Google Play Store,positive,0.9099999999999999
"This Is An Amazing App with Uniqe Quality,Easy And Fast Mobile Banking App.",5,2025-04-21,DASHEN,Google Play Store,positive,0.4
Amazing and user friendly supper app and looking forward the additional features,5,2025-02-14,DASHEN,Google Play Store,positive,0.48750000000000004
"I would be happy if I got a withdraw system in the application. Otherwise, everything is fine for me",4,2025-06-18,DASHEN,Google Play Store,positive,0.6083333333333334
It's bad for the connection and too many days are it that not working,1,2025-04-12,DASHEN,Google Play Store,negative,-0.09999999999999992
Small size with vast features and functionalities.,5,2025-01-15,DASHEN,Google Play Store,negative,-0.125
"Dashen Bank super App is the most suitable, reliable, and fast digital banking system.",5,2025-04-21,DASHEN,Google Play Store,positive,0.31666666666666665
"12yr more LC, UCP & ICC & loan",5,2025-11-06,DASHEN,Google Play Store,positive,0.5
"""Dashen Super App'' is impressive with its focus on simplicity, speed, and quality. The user interface is clean and easy to understand. Transactions process quickly, and the overall quality of the app is top-notch. A must-have for Dashen Bank customers. ·ã≥·à∏·äï ·â£·äï·ä≠ ·ä†·äï·ãµ ·ä•·à≠·àù·åÉ ·âÄ·ã≥·àö·ç¢",5,2025-04-22,DASHEN,Google Play Store,positive,0.49523809523809526
i were smothely using the app for the last 5 month but somehow its not working to now so what shall i do it becames like i can open the app even i can't open it if u have solution's pls help me kindly tnx,1,2025-07-28,DASHEN,Google Play Store,positive,0.15
It is very easy to use and powerful application.,3,2025-04-01,DASHEN,Google Play Store,positive,0.43166666666666664
The speed is too slow. Need some improvements.,2,2025-03-06,DASHEN,Google Play Store,negative,-0.30000000000000004
for dashen bankk it is best app so why your bank onlyu one one app for mobile banking that means superr app,5,2025-10-05,DASHEN,Google Play Store,positive,1.0
"It grows ethiopian digital banking step ahead.All fetures in one,simple fast and convince.",5,2025-05-14,DASHEN,Google Play Store,positive,0.1
one of the best app in Ethiopia .,5,2025-09-24,DASHEN,Google Play Store,positive,1.0
"A lightweight,catchy and smooth app",5,2025-01-15,DASHEN,Google Play Store,positive,0.4
It is very fast and secured mobile banking app! I like this app!,5,2025-04-29,DASHEN,Google Play Store,positive,0.40625
Best Performing and Fast Financial app,5,2025-08-12,DASHEN,Google Play Store,positive,0.39999999999999997
Great for everyday banking and payments on the go,5,2025-04-22,DASHEN,Google Play Store,positive,0.30000000000000004
"Best UI mobile banking app, props to design team",5,2025-04-30,DASHEN,Google Play Store,positive,1.0
It stop working most of the time.,2,2025-07-28,DASHEN,Google Play Store,positive,0.5
Assefa Genetu = Dashen superup is the latest and inclussive .I am happy with this super up.,5,2025-04-22,DASHEN,Google Play Store,positive,0.5444444444444444
very easy and flexible app.,5,2025-04-21,DASHEN,Google Play Store,positive,0.5633333333333334
On Transaction page only show sent Transaction. Try to include received transaction.,4,2025-02-06,DASHEN,Google Play Store,neutral,0.0
it is the worst app ever istg ü§Æü§Æü§Æ,1,2025-10-29,DASHEN,Google Play Store,negative,-1.0
I wish dark mode feature is add as an option but it's good app,5,2025-02-27,DASHEN,Google Play Store,positive,0.27499999999999997
your financial system must improved,4,2025-11-09,DASHEN,Google Play Store,neutral,0.0
I don't know what happens but the application is not send verification pass code you should fix that,1,2025-02-16,DASHEN,Google Play Store,neutral,0.0
To join digital world use supper app and make your life easy,5,2025-04-21,DASHEN,Google Play Store,positive,0.21666666666666667
well done keep it up,5,2025-08-12,DASHEN,Google Play Store,neutral,0.0
All in One ‚úçÔ∏èsecure ‚úçÔ∏èreliable ‚úçÔ∏èconvenient. Digital banking game changer!!,5,2025-04-23,DASHEN,Google Play Store,negative,-0.3125
the new version is so good I like it,5,2025-08-13,DASHEN,Google Play Store,positive,0.41818181818181815
the best version in üá™üáπ,5,2025-09-27,DASHEN,Google Play Store,positive,1.0
it is the best app ever i have seen Dashen bank always one step a head!!!!,5,2025-08-13,DASHEN,Google Play Store,positive,1.0
dashen super app is secure band very easy,5,2025-04-29,DASHEN,Google Play Store,positive,0.4322222222222223
Excellent UI/UX and beyond Banking servicesüëçüëç,5,2025-01-30,DASHEN,Google Play Store,positive,1.0
A fantastic product!! keep the good work.,5,2025-04-21,DASHEN,Google Play Store,positive,0.6625
"A proudly Ethiopian innovation that delivers beyond expectations. The marketplace feature is a big win for local shoppers and sellers. Very impressed with the new updates, The e-commerce section is smooth and supports Ethiopian merchants!",5,2025-04-21,DASHEN,Google Play Store,positive,0.4623376623376623
system failure transfer to others account,2,2025-11-13,DASHEN,Google Play Store,negative,-0.31666666666666665
it fast service,5,2025-09-29,DASHEN,Google Play Store,positive,0.2
it's so boring,1,2025-11-04,DASHEN,Google Play Store,negative,-1.0
"Fast, Reliable and User Friendly. Keep it Up",5,2025-04-22,DASHEN,Google Play Store,positive,0.2875
the chat banking and unique and only app that alow money request!!,5,2025-04-21,DASHEN,Google Play Store,positive,0.1875
excellent mobile banking digital,5,2025-08-24,DASHEN,Google Play Store,positive,0.5
"Best App .. Good job, Dashen Bank",5,2025-07-16,DASHEN,Google Play Store,positive,0.85
nice app but transaction limet not enough,5,2025-06-17,DASHEN,Google Play Store,positive,0.3
Great always one step ahead and most reliable bank,5,2025-07-22,DASHEN,Google Play Store,positive,0.65
Its slow when i try to see the Recent Transaction and stucked,1,2025-04-28,DASHEN,Google Play Store,negative,-0.15000000000000002
easy to use and the best one,5,2025-08-17,DASHEN,Google Play Store,positive,0.7166666666666667
"The Dashen Super App offers a modern, user-friendly experience that leverages the latest technological advancements to deliver a seamless e-commerce platform",5,2025-04-21,DASHEN,Google Play Store,positive,0.24666666666666667
this app is the most simply to use and secure safe i love it to use for any bank transaction,5,2025-04-21,DASHEN,Google Play Store,positive,0.38
"It is a very wonderful work that has saved its time. That is why it is ""Always one step ahead!""",5,2025-01-17,DASHEN,Google Play Store,positive,1.0
wow dashen bank super app,5,2025-11-12,DASHEN,Google Play Store,positive,0.21666666666666667
This app doesn't work on my phone my phone is Samsung Galaxy s7 android version 9 All other financial apps work like telebirr CBE M_pesa...,1,2025-02-14,DASHEN,Google Play Store,negative,-0.0625
what your emplyees tell as about the app when they came to our store and what actually the app is different,1,2025-10-30,DASHEN,Google Play Store,neutral,0.0
Some connection issues,3,2025-08-12,DASHEN,Google Play Store,neutral,0.0
So far so good! their in person customer service is amazing üëè,5,2025-04-14,DASHEN,Google Play Store,positive,0.525
"Simple, Fast and Easy ‚≠ê‚≠ê‚≠êüéâ",4,2025-02-10,DASHEN,Google Play Store,positive,0.2111111111111111
it's very disappointing fix it as soon as possible not expected from dashin bank fix it,1,2025-04-04,DASHEN,Google Play Store,negative,-0.24333333333333332
I love it. one of the best mobile banking app in the banking industry,5,2025-04-21,DASHEN,Google Play Store,positive,0.75
easiness to use with fast response time,5,2025-04-21,DASHEN,Google Play Store,positive,0.2
Dashen supper app is the most special. ·ã≠·àù·âæ·â± ·ã≠·àà·ã´·ã´·àç!!!!,5,2025-04-21,DASHEN,Google Play Store,positive,0.6859654017857143
Dashen supper App is the most useful app for our customers,5,2025-04-21,DASHEN,Google Play Store,positive,0.4
"Waw, It's amazing app. thank you Dashen Bank.",5,2025-03-31,DASHEN,Google Play Store,positive,0.6000000000000001
"Dashen Super App isn‚Äôt just an app ‚Äî it‚Äôs an experience. Effortless, powerful, and built for the future",5,2025-04-21,DASHEN,Google Play Store,positive,0.2111111111111111
it so fanrastic and user friendly app. Bravo Dashen bank thanks.,5,2025-04-21,DASHEN,Google Play Store,positive,0.2875
"easy &,simple to use",5,2025-04-21,DASHEN,Google Play Store,positive,0.21666666666666667
this apps have a good feature but but some features like developer mode turn off irritate user,3,2025-04-01,DASHEN,Google Play Store,positive,0.7
An app with High performance and advanced features!,5,2025-04-21,DASHEN,Google Play Store,positive,0.33
It good and easy to use,5,2025-03-11,DASHEN,Google Play Store,positive,0.5666666666666667
It keep my time to pay my bills and I generate my satment easily,5,2025-04-21,DASHEN,Google Play Store,positive,0.43333333333333335
"Waw Great and innovated,user friendly, always one step ahead",5,2025-01-13,DASHEN,Google Play Store,positive,0.5875
This is the best banking app ever. I recommend everyone to use it.,5,2025-04-23,DASHEN,Google Play Store,positive,1.0
Exellent app with exellent banking system and exellent bank ever,5,2025-01-21,DASHEN,Google Play Store,neutral,0.0
Keep up the good work and pleas add water and electric utility payment,5,2025-02-12,DASHEN,Google Play Store,positive,0.7
It looks good and simple to use,5,2025-01-14,DASHEN,Google Play Store,positive,0.35
"It does not work functional ,",1,2025-02-02,DASHEN,Google Play Store,neutral,0.0
nice and best,5,2025-10-10,DASHEN,Google Play Store,positive,0.8
A Good and fast supper app thanks for dashen bank,5,2025-04-21,DASHEN,Google Play Store,positive,0.36666666666666664
Massive upgrade from the Amole app.,5,2025-05-31,DASHEN,Google Play Store,neutral,0.0
Better Move to catch the competition upüëç,5,2025-01-16,DASHEN,Google Play Store,positive,0.5
Fastest and easy to use,5,2025-01-22,DASHEN,Google Play Store,positive,0.43333333333333335
i dont like it,1,2025-09-27,DASHEN,Google Play Store,neutral,0.0
Dashen is the Future,5,2025-09-27,DASHEN,Google Play Store,neutral,0.0
very nise good,5,2025-10-30,DASHEN,Google Play Store,positive,0.44999999999999996
It is an amazing application that meets the needs of customers.,5,2025-04-22,DASHEN,Google Play Store,positive,0.6000000000000001
I am so thankful for having this best app Dashen one step ahead,5,2025-02-04,DASHEN,Google Play Store,positive,1.0
i am using,5,2025-11-05,DASHEN,Google Play Store,neutral,0.0
wow dashen bank,5,2025-11-03,DASHEN,Google Play Store,positive,0.1
worst app ever,1,2025-11-05,DASHEN,Google Play Store,negative,-1.0
betam kerfafa naw,1,2025-11-05,DASHEN,Google Play Store,neutral,0.0
"The app is not working properly, I have been using it.",1,2025-04-10,DASHEN,Google Play Store,neutral,0.0
un functional app,1,2025-08-29,DASHEN,Google Play Store,neutral,0.0
"worst app ever and by any chance your account is deactivated, you are doomed",1,2025-06-27,DASHEN,Google Play Store,negative,-1.0
sometimes is not working to be honest,1,2025-08-01,DASHEN,Google Play Store,positive,0.6
Dashen Bank super app is the best app,5,2025-08-05,DASHEN,Google Play Store,positive,0.6666666666666666
it is the best,5,2025-10-11,DASHEN,Google Play Store,positive,1.0
wawwwww what nice super app !!keep it up dashen bank !!,5,2025-04-21,DASHEN,Google Play Store,positive,0.7069010416666666
smooth and easy!!!,5,2025-11-14,DASHEN,Google Play Store,positive,0.6231770833333334
"Good actually , but it have to WORK when developer option is on üôè",5,2025-04-21,DASHEN,Google Play Store,positive,0.35
Best Mobile Banking App in Ethiopia .,5,2025-11-11,DASHEN,Google Play Store,positive,1.0
it's good but is not fast,5,2025-11-09,DASHEN,Google Play Store,positive,0.3
it's too slow,1,2025-11-01,DASHEN,Google Play Store,negative,-0.30000000000000004
"one step forward, Ethiopian bank and e commerce industry",5,2025-08-15,DASHEN,Google Play Store,neutral,0.0
Very easy and Fast.,5,2025-04-24,DASHEN,Google Play Store,positive,0.3816666666666667
The app is good but it ask update every week so tiring,2,2025-03-11,DASHEN,Google Play Store,positive,0.7
"its amazing app, visually stunning",5,2025-09-26,DASHEN,Google Play Store,positive,0.55
this is what we expect to get service Dashen Bank always like his slogan,5,2025-04-21,DASHEN,Google Play Store,neutral,0.0
it is not as good as to the other mobile bank app.,1,2025-05-22,DASHEN,Google Play Store,positive,0.2875
it is incredible product.,5,2025-04-23,DASHEN,Google Play Store,positive,0.9
bad specialy at weekends,1,2025-09-07,DASHEN,Google Play Store,negative,-0.6999999999999998
no working for me hulum information asgebiche continue or accept yemilew button ayeseram my phone is Samsung A51,1,2025-04-21,DASHEN,Google Play Store,neutral,0.0
Faster and userfriendly,5,2025-01-14,DASHEN,Google Play Store,neutral,0.0
this app is outstanding,5,2025-10-01,DASHEN,Google Play Store,positive,0.5
it doesn't let me open my account,1,2025-10-12,DASHEN,Google Play Store,neutral,0.0
it is the most amazing mobile app,5,2025-04-21,DASHEN,Google Play Store,positive,0.55
"To be honest, best banking and lifestyle app in Ethiopia.",5,2025-05-12,DASHEN,Google Play Store,positive,0.8
still it's essay for user,4,2025-08-15,DASHEN,Google Play Store,neutral,0.0
very good compared to Amole!,5,2025-07-13,DASHEN,Google Play Store,positive,1.0
Why isn't this app working?,5,2025-07-29,DASHEN,Google Play Store,neutral,0.0
good job my dashen super app,5,2025-08-12,DASHEN,Google Play Store,positive,0.5166666666666666
best but USSD is necessary,5,2025-08-15,DASHEN,Google Play Store,positive,0.5
very good for this app,5,2025-05-31,DASHEN,Google Play Store,positive,0.9099999999999999
safe and secure,3,2025-09-18,DASHEN,Google Play Store,positive,0.45
alway slow loading,1,2025-06-30,DASHEN,Google Play Store,negative,-0.30000000000000004
best app with best bank,5,2025-07-02,DASHEN,Google Play Store,positive,1.0
"Appreciated, Always one step ahead!",5,2025-09-26,DASHEN,Google Play Store,positive,0.25
slowest banking app ever used,3,2025-08-07,DASHEN,Google Play Store,neutral,0.0
all in one super app,5,2025-07-21,DASHEN,Google Play Store,positive,0.3333333333333333
all of dashen bank customers use the application it is good to use,5,2025-02-01,DASHEN,Google Play Store,positive,0.7
it was amazing app.....thank you dashen bank....,5,2025-01-30,DASHEN,Google Play Store,positive,0.6000000000000001
Better and inclusive app!,5,2025-04-21,DASHEN,Google Play Store,positive,0.625
Wow! like his name Super App...,5,2025-04-21,DASHEN,Google Play Store,positive,0.22916666666666666
The best app ever in finance sector,5,2025-05-18,DASHEN,Google Play Store,positive,1.0
"The best of best is now arrived **Empowering Your Financial Freedom** ""Experience seamless banking at your fingertips with Dashen Bank. Empowering your financial freedom, anytime, anywhere!"" **Innovation Meets Convenience** ""Dashen Bank Mobile Banking: Where innovation meets convenience. **Secure and Reliable** ""Bank with confidence",5,2025-05-22,DASHEN,Google Play Store,positive,0.4166666666666667
Best- in-class app.,5,2025-04-21,DASHEN,Google Play Store,positive,1.0
why does it ask me for both pin and opt even the opt is touch let alone both,2,2025-04-02,DASHEN,Google Play Store,neutral,0.0
oh nice!!! i wish it's very nice app,5,2025-01-14,DASHEN,Google Play Store,positive,0.89
The most good app and easy,5,2025-01-16,DASHEN,Google Play Store,positive,0.5444444444444444
The best Banking app I have ever seen,5,2025-01-14,DASHEN,Google Play Store,positive,1.0
Always one step a head!,5,2025-01-15,DASHEN,Google Play Store,neutral,0.0
"It's an amazing app, experience it!!",5,2025-04-23,DASHEN,Google Play Store,positive,0.9375000000000001
its features are so dynamic,5,2025-04-22,DASHEN,Google Play Store,neutral,0.0
why do i have to change a pin number i use my finger print so dummy,1,2025-04-27,DASHEN,Google Play Store,neutral,0.0
The app is good but it has no USSD option,4,2025-03-13,DASHEN,Google Play Store,positive,0.7
Great App Well done Dashen Bank,5,2025-01-15,DASHEN,Google Play Store,positive,0.8
"It's an amazing app that is up-to-date with the times, wow wow",5,2025-04-21,DASHEN,Google Play Store,positive,0.26666666666666666
Always one step forward,5,2025-01-15,DASHEN,Google Play Store,neutral,0.0
this app better than Amole . but the biometric on new update doesn't work,4,2025-05-31,DASHEN,Google Play Store,positive,0.3181818181818182
very comfortable app keep it,5,2025-04-21,DASHEN,Google Play Store,positive,0.52
Needs some improvement,5,2025-01-20,DASHEN,Google Play Store,neutral,0.0
best platform... Please avoid otp,5,2025-02-21,DASHEN,Google Play Store,positive,1.0
excellent game changer App,5,2025-05-08,DASHEN,Google Play Store,positive,0.3
useless app ever loading take long,1,2025-05-27,DASHEN,Google Play Store,negative,-0.275
it's Be Come Busy &not working good,1,2025-03-20,DASHEN,Google Play Store,positive,0.39999999999999997
convenient and fast,5,2025-04-21,DASHEN,Google Play Store,positive,0.2
too slow to use.,1,2025-03-26,DASHEN,Google Play Store,negative,-0.30000000000000004
excellent mobile banking app,5,2025-04-21,DASHEN,Google Play Store,positive,1.0
fast &Friendly user Application.,5,2025-04-22,DASHEN,Google Play Store,positive,0.2875
it's a hestorical app. in the bank industry.,5,2025-04-21,DASHEN,Google Play Store,neutral,0.0
thanks for all digital transaction,5,2025-03-21,DASHEN,Google Play Store,positive,0.1
Proud to be dashen family . Shout out to the serial entrepreneur üëè,5,2025-01-16,DASHEN,Google Play Store,positive,0.8
U can't create account,1,2025-01-15,DASHEN,Google Play Store,neutral,0.0
It is the best application!!!,5,2025-04-22,DASHEN,Google Play Store,positive,1.0
I only see white page,2,2025-01-23,DASHEN,Google Play Store,neutral,0.0
it too slow,3,2025-05-29,DASHEN,Google Play Store,negative,-0.30000000000000004
Super smart app.,5,2025-02-18,DASHEN,Google Play Store,positive,0.2738095238095238
what a helpful app!!!!,5,2025-05-13,DASHEN,Google Play Store,neutral,0.0
it's amazing app i have seen ever,5,2025-02-13,DASHEN,Google Play Store,positive,0.6000000000000001
App That makes Difference!,5,2025-01-14,DASHEN,Google Play Store,neutral,0.0
it seems me logging out within minutes,1,2025-05-03,DASHEN,Google Play Store,neutral,0.0
best mobile banking application,5,2025-04-21,DASHEN,Google Play Store,positive,1.0
best mobile banking application,5,2025-04-21,DASHEN,Google Play Store,positive,1.0
awesome app keep going,5,2025-05-14,DASHEN,Google Play Store,positive,1.0
Amazing super app,5,2025-01-19,DASHEN,Google Play Store,positive,0.4666666666666667
Dashen Bank Always One Step Ahead!,5,2025-01-15,DASHEN,Google Play Store,neutral,0.0
"Like Me, I Hope It Works Better Than Before.",5,2025-01-11,DASHEN,Google Play Store,positive,0.5
mobile banking to the next level,5,2025-01-28,DASHEN,Google Play Store,neutral,0.0
dashen super app is the best,5,2025-09-10,DASHEN,Google Play Store,positive,0.6666666666666666
faster than this version,5,2025-05-01,DASHEN,Google Play Store,neutral,0.0
why dashen bank workers hidden my ATM Card üèß?it's a big problem to me,5,2025-04-04,DASHEN,Google Play Store,negative,-0.08333333333333333
very nice app,5,2025-08-23,DASHEN,Google Play Store,positive,0.78
wallahi very fantastic Bank,5,2025-03-31,DASHEN,Google Play Store,positive,0.52
Always one step ahead,5,2025-01-13,DASHEN,Google Play Store,neutral,0.0
All good we need more,3,2025-01-31,DASHEN,Google Play Store,positive,0.6
yes i want dashen super open,5,2025-05-02,DASHEN,Google Play Store,positive,0.16666666666666666
very nice app,4,2025-07-11,DASHEN,Google Play Store,positive,0.78
Dashen yichalal. Ewnetem one step a head,5,2025-01-17,DASHEN,Google Play Store,neutral,0.0
its good but he said uptede me üò†ü§ï,2,2025-08-12,DASHEN,Google Play Store,positive,0.7
Is not working,1,2025-01-25,DASHEN,Google Play Store,neutral,0.0
"poor, glitch stack",1,2025-08-07,DASHEN,Google Play Store,negative,-0.4
I loved it,5,2025-02-05,DASHEN,Google Play Store,positive,0.7
I hope it will be better than amole,5,2025-01-18,DASHEN,Google Play Store,positive,0.5
it is very good app,5,2025-04-10,DASHEN,Google Play Store,positive,0.9099999999999999
waw no idea the best app.,5,2025-04-19,DASHEN,Google Play Store,positive,1.0
It doesn't work,1,2025-02-07,DASHEN,Google Play Store,neutral,0.0
Dashen Bank Always One Step Ahead!,5,2025-01-14,DASHEN,Google Play Store,neutral,0.0
the best Supper App ever,5,2025-04-22,DASHEN,Google Play Store,positive,1.0
very useful App,1,2025-05-26,DASHEN,Google Play Store,positive,0.39
Not good this app,1,2025-02-04,DASHEN,Google Play Store,negative,-0.35
üëéüëéüëéüëéüëéüëéüëéüëé connection not fast,5,2025-10-07,DASHEN,Google Play Store,negative,-0.1
Gud app kegza ga mezmn endze new aind ermjh kedme nachu hlam,5,2025-02-06,DASHEN,Google Play Store,positive,0.13636363636363635
Wly Super App ilove it ‚ù§Ô∏è üòç üíñ üíï,5,2025-01-18,DASHEN,Google Play Store,positive,0.3333333333333333
Wow amazing app,5,2025-02-21,DASHEN,Google Play Store,positive,0.35000000000000003
very good app,5,2025-07-30,DASHEN,Google Play Store,positive,0.9099999999999999
I appreciate that Dashen Bank takes lifestyle services into account.,5,2025-04-21,DASHEN,Google Play Store,neutral,0.0
very fast bank,5,2025-08-22,DASHEN,Google Play Store,positive,0.26
Dashen bank is my number one choice,5,2025-04-22,DASHEN,Google Play Store,neutral,0.0
very good app,5,2025-08-16,DASHEN,Google Play Store,positive,0.9099999999999999
the worst app I have ever seen,1,2025-07-14,DASHEN,Google Play Store,negative,-1.0
"Proudly made in Ethiopia, this innovation delivers more than promised. The marketplace is a major boost for local commerce",5,2025-04-21,DASHEN,Google Play Store,positive,0.340625
A proudly Ethiopia innovation that delivers beyond expectations. The marketplace feature is a big win for local shoppers bnd sellers,5,2025-04-21,DASHEN,Google Play Store,positive,0.4
"All in one, that is it üëå",5,2025-04-21,DASHEN,Google Play Store,neutral,0.0
The best App of all,5,2025-03-17,DASHEN,Google Play Store,positive,1.0
best app I have ever seen,5,2025-04-29,DASHEN,Google Play Store,positive,1.0
good and well,5,2025-08-22,DASHEN,Google Play Store,positive,0.7
Wow Excellent app,5,2025-03-08,DASHEN,Google Play Store,positive,0.55
"Truly, db => AlwaysOneStepAhead !!",5,2025-01-14,DASHEN,Google Play Store,neutral,0.0
Wow Dashen Super App üöÄüöÄ,5,2025-01-14,DASHEN,Google Play Store,positive,0.21666666666666667
I love this app,5,2025-04-21,DASHEN,Google Play Store,positive,0.5
dashen bank or dashen super app?,1,2025-05-17,DASHEN,Google Play Store,positive,0.3333333333333333
I am entreated app.,5,2025-07-09,DASHEN,Google Play Store,neutral,0.0
wow to it saff and this app,5,2025-05-30,DASHEN,Google Play Store,positive,0.1
u need to start cash out service,4,2025-07-22,DASHEN,Google Play Store,neutral,0.0
verry slow app ü§¢,1,2025-08-12,DASHEN,Google Play Store,negative,-0.30000000000000004
Ethiopian amazing`s Dashen Bankü§ùüëå,3,2025-06-25,DASHEN,Google Play Store,neutral,0.0
The first 3 star review is me,3,2025-01-25,DASHEN,Google Play Store,positive,0.25
its the best ever,5,2025-05-09,DASHEN,Google Play Store,positive,1.0
best bauget app,5,2025-08-12,DASHEN,Google Play Store,positive,1.0
Dashen Bank My Choiceüá™üáπ‚úåÔ∏èüí´,4,2025-06-13,DASHEN,Google Play Store,neutral,0.0
what a bank it is,5,2025-08-22,DASHEN,Google Play Store,neutral,0.0
This is My Bank!,5,2025-01-15,DASHEN,Google Play Store,neutral,0.0
We will see it,2,2025-01-15,DASHEN,Google Play Store,neutral,0.0
betam mirt Ena betam le atikakem kelel Yale Ena michu application nw,5,2025-04-22,DASHEN,Google Play Store,neutral,0.0
ALWAYS ONE STEP AHEAD,5,2025-01-14,DASHEN,Google Play Store,neutral,0.0
good and latest,5,2025-03-18,DASHEN,Google Play Store,positive,0.6
proud by dashen bank,5,2025-04-06,DASHEN,Google Play Store,positive,0.8
fast best app,5,2025-04-19,DASHEN,Google Play Store,positive,0.6
real super up,5,2025-04-04,DASHEN,Google Play Store,positive,0.5
nice app ever,5,2025-04-17,DASHEN,Google Play Store,positive,0.6
All in One,5,2025-01-14,DASHEN,Google Play Store,neutral,0.0
keep it up!,5,2025-04-21,DASHEN,Google Play Store,neutral,0.0
best of best,5,2025-04-05,DASHEN,Google Play Store,positive,1.0
no one dashen yichlal,5,2025-03-07,DASHEN,Google Play Store,neutral,0.0
it's samart,5,2025-04-10,DASHEN,Google Play Store,neutral,0.0
best of best,5,2025-04-29,DASHEN,Google Play Store,positive,1.0
what an App,5,2025-04-21,DASHEN,Google Play Store,neutral,0.0
its my choice,5,2025-05-15,DASHEN,Google Play Store,neutral,0.0
It's Best waww üôè,5,2025-01-13,DASHEN,Google Play Store,positive,1.0
·â•·ãô ·äê·åâ·à≠ ·ã≠·âÄ·à®·ãã·àç ·ãà·ã∞ ·ä†·çë ·àµ·åà·â£ ·â†·å£·àù ·ã≠·ãò·åà·ã´·àç ·â£·å≠·à© ·âÄ·à≠·çã·çã ·äê·ãç,4,2025-11-02,DASHEN,Google Play Store,neutral,0.0
"Amazing app, üëè",5,2025-11-07,DASHEN,Google Play Store,positive,0.6000000000000001
wonderful app,5,2025-11-05,DASHEN,Google Play Store,positive,1.0
Good,5,2025-11-04,DASHEN,Google Play Store,positive,0.7
nice,5,2025-11-16,DASHEN,Google Play Store,positive,0.6
·â†·å£·àù ·çà·å£·äï ·à•·âπ ·ä†·àµ·â∞·àõ·àõ·äù ·ãà·ãµ·åÉ·ãã·àà·ãç,5,2025-11-18,DASHEN,Google Play Store,neutral,0.0
thank you,1,2025-11-13,DASHEN,Google Play Store,neutral,0.0
clear more,5,2025-11-27,DASHEN,Google Play Store,positive,0.3
Nice app,5,2025-11-01,DASHEN,Google Play Store,positive,0.6
very good,1,2025-10-11,DASHEN,Google Play Store,positive,0.9099999999999999
I love it üëç,5,2025-09-28,DASHEN,Google Play Store,positive,0.5
Best application,5,2025-10-14,DASHEN,Google Play Store,positive,1.0
Nice app,5,2025-11-07,DASHEN,Google Play Store,positive,0.6
very interesting,5,2025-10-30,DASHEN,Google Play Store,positive,0.65
good,5,2025-10-30,DASHEN,Google Play Store,positive,0.7
best,5,2025-11-07,DASHEN,Google Play Store,positive,1.0
perfect,5,2025-10-06,DASHEN,Google Play Store,positive,1.0
Best,5,2025-09-28,DASHEN,Google Play Store,positive,1.0
excellent,5,2025-09-26,DASHEN,Google Play Store,positive,1.0
good,5,2025-10-10,DASHEN,Google Play Store,positive,0.7
easy,5,2025-10-14,DASHEN,Google Play Store,positive,0.43333333333333335
Amazing,5,2025-11-03,DASHEN,Google Play Store,positive,0.6000000000000001
abdrug bentahuuuu,3,2025-10-17,DASHEN,Google Play Store,neutral,0.0
eyita tips,1,2025-11-15,DASHEN,Google Play Store,neutral,0.0
lmo,5,2025-10-13,DASHEN,Google Play Store,neutral,0.0
wooow,5,2025-11-07,DASHEN,Google Play Store,neutral,0.0
meseret birara,5,2025-10-12,DASHEN,Google Play Store,neutral,0.0
go ahead,5,2025-11-05,DASHEN,Google Play Store,neutral,0.0
its supper,5,2025-11-04,DASHEN,Google Play Store,neutral,0.0
nice app,5,2025-09-30,DASHEN,Google Play Store,positive,0.6
cool app,5,2025-09-27,DASHEN,Google Play Store,positive,0.35
good,5,2025-09-13,DASHEN,Google Play Store,positive,0.7
nice,5,2025-09-28,DASHEN,Google Play Store,positive,0.6
withdraw,1,2025-10-02,DASHEN,Google Play Store,neutral,0.0
tadesa melka tulluu,1,2025-10-04,DASHEN,Google Play Store,neutral,0.0
·â†·å£·àù ·àù·âπ ·äê·ãç,4,2025-09-15,DASHEN,Google Play Store,neutral,0.0
·àô·àÉ·åÇ·à´,1,2025-09-27,DASHEN,Google Play Store,neutral,0.0
hayelu Beranu Bashre,5,2025-10-07,DASHEN,Google Play Store,neutral,0.0
total,5,2025-09-11,DASHEN,Google Play Store,neutral,0.0
gooe,5,2025-09-28,DASHEN,Google Play Store,neutral,0.0
·ã≥·à∫·â£·ä≠,5,2025-09-11,DASHEN,Google Play Store,neutral,0.0
it is good but some times says duplicate transaction why? and text,5,2025-09-23,DASHEN,Google Play Store,positive,0.7
nice app,5,2025-09-27,DASHEN,Google Play Store,positive,0.6
good,5,2025-09-10,DASHEN,Google Play Store,positive,0.7
good,5,2025-10-06,DASHEN,Google Play Store,positive,0.7
very slow,3,2025-09-06,DASHEN,Google Play Store,negative,-0.39000000000000007
totally bad,1,2025-10-01,DASHEN,Google Play Store,negative,-0.6999999999999998
not werke,2,2025-09-08,DASHEN,Google Play Store,neutral,0.0
wow,5,2025-10-04,DASHEN,Google Play Store,positive,0.1
dashin bank,5,2025-08-30,DASHEN,Google Play Store,neutral,0.0
·ä†·à™·çç ·äê·ãç ·åç·äï ·ã∞·à®·à∞·äô ·ã®·â∞·âÄ·â£·ã≠ ·ä†·ä´·ãç·äï·âµ ·ä•·äì ·àµ·àù ·ä†·ã´·à≥·ã≠·àù ·ç¢,3,2025-08-24,DASHEN,Google Play Store,neutral,0.0
zero sezzs55s·ã®·ã®·ãà·ã∞·à†·à´·ãä·â± ·ã∞·ã®·ä•·ã´·âª·âª·àâ ·àê·ã®·ã®·àò·äï·ã∞ ·ã∞·àù ·ã®·à∞·ãç ·ã®·ã®·àò·äï ·ã®·à∞·ãç ·ç¢·ã∞·àù ·àê·àõ·àö·åÄ·ã®·ã®,5,2025-09-09,DASHEN,Google Play Store,neutral,0.0
good,3,2025-09-25,DASHEN,Google Play Store,positive,0.7
Good,4,2025-09-19,DASHEN,Google Play Store,positive,0.7
best,5,2025-08-14,DASHEN,Google Play Store,positive,1.0
·ã®·à∂·çç·âµ·ãå·à© ·àà·ä†·å†·âÉ·âÄ·àù ·àù·âπ·äì ·âÄ·àã·àç ·àò·àÜ·äë ·â∞·àò·à´·å≠ ·ã´·ã∞·à≠·åà·ãã·àç,5,2025-08-14,DASHEN,Google Play Store,neutral,0.0
·â†·å£·àù ·âΩ·åç·à≠ ·ä†·àà·â†·âµ,1,2025-08-14,DASHEN,Google Play Store,neutral,0.0
So nice !,5,2025-09-26,DASHEN,Google Play Store,positive,0.75
great üëç,5,2025-09-02,DASHEN,Google Play Store,positive,0.8
good,3,2025-08-13,DASHEN,Google Play Store,positive,0.7
Good,4,2025-10-21,DASHEN,Google Play Store,positive,0.7
Good app,5,2025-08-11,DASHEN,Google Play Store,positive,0.7
my favorite üíóüíóüíó,5,2025-08-11,DASHEN,Google Play Store,positive,0.5
Good,5,2025-08-11,DASHEN,Google Play Store,positive,0.7
very good .,5,2025-06-09,DASHEN,Google Play Store,positive,0.9099999999999999
Excellent App ...,5,2025-07-15,DASHEN,Google Play Store,positive,1.0
love,3,2025-06-06,DASHEN,Google Play Store,positive,0.5
Good,3,2025-08-12,DASHEN,Google Play Store,positive,0.7
Good,4,2025-05-13,DASHEN,Google Play Store,positive,0.7
perfect,4,2025-06-14,DASHEN,Google Play Store,positive,1.0
good,4,2025-05-31,DASHEN,Google Play Store,positive,0.7
Totally amazing,5,2025-05-13,DASHEN,Google Play Store,positive,0.6000000000000001
Best app,5,2025-07-25,DASHEN,Google Play Store,positive,1.0
great app,5,2025-08-20,DASHEN,Google Play Store,positive,0.8
nice application,5,2025-05-27,DASHEN,Google Play Store,positive,0.6
amazing product,5,2025-07-23,DASHEN,Google Play Store,positive,0.6000000000000001
Great application,5,2025-07-12,DASHEN,Google Play Store,positive,0.8
Game changer,5,2025-05-13,DASHEN,Google Play Store,negative,-0.4
good,5,2025-05-16,DASHEN,Google Play Store,positive,0.7
Fantastic,5,2025-05-16,DASHEN,Google Play Store,positive,0.4
amzing,5,2025-11-06,DASHEN,Google Play Store,neutral,0.0
excellent,5,2025-08-26,DASHEN,Google Play Store,positive,1.0
Good,5,2025-07-28,DASHEN,Google Play Store,positive,0.7
nice,5,2025-06-26,DASHEN,Google Play Store,positive,0.6
good,5,2025-06-27,DASHEN,Google Play Store,positive,0.7
good,5,2025-09-22,DASHEN,Google Play Store,positive,0.7
good,5,2025-05-28,DASHEN,Google Play Store,positive,0.7
good,5,2025-08-14,DASHEN,Google Play Store,positive,0.7
fast,5,2025-07-29,DASHEN,Google Play Store,positive,0.2
good,5,2025-08-12,DASHEN,Google Play Store,positive,0.7
lacag inaad amaahisan somalida maxaad ku diiden,5,2025-09-05,DASHEN,Google Play Store,neutral,0.0
top,5,2025-05-31,DASHEN,Google Play Store,positive,0.5
always lagging,1,2025-05-16,DASHEN,Google Play Store,neutral,0.0
network error,5,2025-07-29,DASHEN,Google Play Store,neutral,0.0
thank you,4,2025-04-30,DASHEN,Google Play Store,neutral,0.0
shimalis,4,2025-08-25,DASHEN,Google Play Store,neutral,0.0
super üòé,5,2025-05-13,DASHEN,Google Play Store,positive,0.3333333333333333
üëçüòäüòäüòä,5,2025-07-12,DASHEN,Google Play Store,neutral,0.0
like it,5,2025-07-22,DASHEN,Google Play Store,neutral,0.0
·ä†·à™·çç,5,2025-08-15,DASHEN,Google Play Store,neutral,0.0
gadaa,5,2025-06-01,DASHEN,Google Play Store,neutral,0.0
·ä•·äï·å†·âÄ·àù·â†·âµ,5,2025-08-12,DASHEN,Google Play Store,neutral,0.0
wow,5,2025-06-22,DASHEN,Google Play Store,positive,0.1
Super,5,2025-06-21,DASHEN,Google Play Store,positive,0.3333333333333333
nic,5,2025-08-20,DASHEN,Google Play Store,neutral,0.0
·àò·â∏·à∏·å†,5,2025-06-03,DASHEN,Google Play Store,neutral,0.0
trnes far,5,2025-08-27,DASHEN,Google Play Store,positive,0.1
goog,5,2025-08-29,DASHEN,Google Play Store,neutral,0.0
üëçüëçüëç,5,2025-05-28,DASHEN,Google Play Store,neutral,0.0
This is what we call banking app. As professional I want banking app as simple as this and an app rich of features that align with my lifestyle.,5,2025-04-21,DASHEN,Google Play Store,positive,0.15833333333333333
Convenient!,5,2025-04-22,DASHEN,Google Play Store,neutral,0.0
best app,5,2025-04-28,DASHEN,Google Play Store,positive,1.0
best app,5,2025-04-23,DASHEN,Google Play Store,positive,1.0
good,5,2025-04-20,DASHEN,Google Play Store,positive,0.7
waw,5,2025-04-28,DASHEN,Google Play Store,neutral,0.0
Best App!,5,2025-04-21,DASHEN,Google Play Store,positive,1.0
great üëç app,5,2025-08-13,DASHEN,Google Play Store,positive,0.8
Very convenient,5,2025-04-21,DASHEN,Google Play Store,positive,0.2
Nice App,5,2025-04-18,DASHEN,Google Play Store,positive,0.6
nice app,5,2025-03-29,DASHEN,Google Play Store,positive,0.6
best experiences,5,2025-03-26,DASHEN,Google Play Store,positive,1.0
good,5,2025-04-17,DASHEN,Google Play Store,positive,0.7
good,5,2025-05-09,DASHEN,Google Play Store,positive,0.7
good experience,5,2025-11-09,DASHEN,Google Play Store,positive,0.7
best,5,2025-04-06,DASHEN,Google Play Store,positive,1.0
nice,5,2025-05-08,DASHEN,Google Play Store,positive,0.6
nice,5,2025-08-12,DASHEN,Google Play Store,positive,0.6
perfect,5,2025-04-03,DASHEN,Google Play Store,positive,1.0
Best,5,2025-03-20,DASHEN,Google Play Store,positive,1.0
good,5,2025-04-04,DASHEN,Google Play Store,positive,0.7
Good,5,2025-03-20,DASHEN,Google Play Store,positive,0.7
Nice,5,2025-04-16,DASHEN,Google Play Store,positive,0.6
Superb,5,2025-04-21,DASHEN,Google Play Store,positive,1.0
execellent,5,2025-04-24,DASHEN,Google Play Store,neutral,0.0
·â†·å£·àù ·âÖ·àç·àç ·ã´·àà ·ä†·çï ·â†·à≠·â±·àç·äï ·àà·ä†·å†·âÉ·âÄ·àù ·àù·âπ,5,2025-03-22,DASHEN,Google Play Store,neutral,0.0
slow cumbersome,3,2025-04-08,DASHEN,Google Play Store,negative,-0.30000000000000004
Is really üíÄ,2,2025-04-08,DASHEN,Google Play Store,positive,0.2
Wawww,5,2025-05-24,DASHEN,Google Play Store,neutral,0.0
nic,5,2025-03-22,DASHEN,Google Play Store,neutral,0.0
tanku,5,2025-04-04,DASHEN,Google Play Store,neutral,0.0
·àù·à≠·å´·ã¨ ·äê·ãç,5,2025-04-13,DASHEN,Google Play Store,neutral,0.0
nic app,5,2025-04-16,DASHEN,Google Play Store,neutral,0.0
In short ! I'm so proud of this app developers for their highest professional of developing. Thanks,5,2025-03-06,DASHEN,Google Play Store,positive,0.275
Fantastic app,5,2025-03-01,DASHEN,Google Play Store,positive,0.4
good app,5,2025-03-04,DASHEN,Google Play Store,positive,0.7
Hey great,5,2025-03-12,DASHEN,Google Play Store,positive,0.8
It's best,5,2025-03-08,DASHEN,Google Play Store,positive,1.0
Good,5,2025-03-08,DASHEN,Google Play Store,positive,0.7
Excellent,5,2025-03-10,DASHEN,Google Play Store,positive,1.0
Good,5,2025-03-13,DASHEN,Google Play Store,positive,0.7
·â†·å£·àù ·ä†·à™·çç ·àò·â∞·åç·â†·à™·ã´ ·äê·ãç ·ç¢ ·ä†·àò·à†·åç·äì·àà·àÅ ·ç¢,5,2025-03-10,DASHEN,Google Play Store,neutral,0.0
"·ã®·àö·åà·à≠·àù aplication ·äê·ãç, ·äê·åà·à≠ ·åç·äï ·â•·à≠ ·âµ·à´·äï·àµ·çà·à≠ ·à≤·ã∞·à®·åç ·ã´·àà ·çí·äï ·àò·àÜ·äë risk ·ä†·àà·ãç ·àÅ·àâ ·åä·ãú ·ã® ·âµ·à´·äï·àµ·çà·à≠ ·àò·ã∞·àù·ã∞·àö·ã´ ·çí·äï ·àò·àÜ·äï ·ä†·àà·â†·âµ!!!!!!!!!!!!:: ·ä†·à± ·â¢·àµ·â∞·ä´·ä®·àç 5 star ·ä†·àµ·ä®·ãõ·ãç ·åç·äï 4 ·à∞·å•·âª·àà·ãç::",4,2025-02-09,DASHEN,Google Play Store,neutral,0.0
·ä†·çï·àç·ä¨·àΩ·äë ·ä†·à™·çç ·àÜ·äñ ·à≥·àà ·â¥·àå·â•·à≠ ·ãà·ã∞·à´·àµ ·â•·âª ·àà·àù·äï ·àÜ·äê ·ä•·äï·ã∞ ·ãµ·àÆ·ãç ·àà·à∞·ãç·àù ·àò·àã·ä≠ ·â¢·âª·àç,4,2025-02-22,DASHEN,Google Play Store,neutral,0.0
Baankii daashin baankii hudna galeessa galatoomaa isinii woliin jirra Godina jimmaa magaalaa Aggaaroo irraa Muaz Abamecha Abamilki,5,2025-02-07,DASHEN,Google Play Store,neutral,0.0
Wonderful Application üòç,5,2025-02-05,DASHEN,Google Play Store,positive,1.0
Too best,1,2025-04-21,DASHEN,Google Play Store,positive,1.0
Best app,5,2025-02-04,DASHEN,Google Play Store,positive,1.0
best üëçüëç,5,2025-02-16,DASHEN,Google Play Store,positive,1.0
Gret experience,5,2025-02-01,DASHEN,Google Play Store,neutral,0.0
Good,5,2025-02-07,DASHEN,Google Play Store,positive,0.7
goood,5,2025-04-02,DASHEN,Google Play Store,neutral,0.0
Good,5,2025-02-28,DASHEN,Google Play Store,positive,0.7
Perfect,5,2025-02-02,DASHEN,Google Play Store,positive,1.0
No good,1,2025-02-22,DASHEN,Google Play Store,negative,-0.35
·ä®·å∞·äê·å®·ã®·å†,2,2025-02-26,DASHEN,Google Play Store,neutral,0.0
Really super app... so seamless and with a nice user interface .. we are proud of you dashen bank ...,5,2025-01-15,DASHEN,Google Play Store,positive,0.4583333333333333
Send to oher bank ·ã®·àö·àà·ãâ ·ãâ·àµ·å• ·åà·â•·â∞·äï ·ãà·ã∞ addisinternational bank ·àà·àò·àã·ä≠ ·ä†·ã≠·à∞·à´·àù ·àÅ·àà·â∞·äõ ·ã∞·åç·àû ·ãà·ã∞ cbe birr ·àà·àò·àã·ä≠ account number ·ã≠·å†·ã≠·âÉ·àç ·àû·â£·ã≠·àç ·äê·â†·à≠ ·äê·ãâ ·àò·å†·ã®·âÖ ·ã´·àà·â†·âµ ·ã≠·àò·àµ·àà·äõ·àç,2,2025-01-29,DASHEN,Google Play Store,neutral,0.0
·çç·å•·äê·â± ·â†·å£·àù ·ä†·à™·çç ·äê·ãç! ·ä•·äì ·âÄ·àà·àç ·ã´·àà ·äê·ãç ! ·äê·åà·à≠ ·åç·äï ·â∞·å®·àõ·à™ ·ãà·ã∞ ·â¥·àå·â•·à≠ ·ä§·åÄ·äï·âµ ·àò·àã·ä™·ã´ ·ä†·çï ·â¢·ä´·â∞·âµ·â†·âµ ·å•·à© ·äê·ãç::,4,2025-02-12,DASHEN,Google Play Store,neutral,0.0
"I love it but it has bugs during confirmation of password! So, please make it functional",5,2025-01-15,DASHEN,Google Play Store,positive,0.625
Amazing app üëè üëå Dashen bank one step a head,5,2025-01-15,DASHEN,Google Play Store,positive,0.6000000000000001
·å•·à© ·äê·ãç ·åç·äï ·â†·ã∞·äï·â• ·àä·à∏·àª·àç ·ã≠·åà·â£·àç,4,2025-02-13,DASHEN,Google Play Store,neutral,0.0
Excellent app.,5,2025-01-16,DASHEN,Google Play Store,positive,1.0
Best app,5,2025-01-15,DASHEN,Google Play Store,positive,1.0
very nice,5,2025-04-26,DASHEN,Google Play Store,positive,0.78
Excellent app,5,2025-02-24,DASHEN,Google Play Store,positive,1.0
Great!,5,2025-01-15,DASHEN,Google Play Store,positive,1.0
Amazing,5,2025-01-20,DASHEN,Google Play Store,positive,0.6000000000000001
Nice,5,2025-01-15,DASHEN,Google Play Store,positive,0.6
·àµ·àù ·â•·âª üòè,2,2025-01-21,DASHEN,Google Play Store,neutral,0.0
First ATM in East africa ‚≠êÔ∏è‚≠êÔ∏è‚≠êÔ∏è‚≠êÔ∏è‚≠êÔ∏è,5,2025-01-16,DASHEN,Google Play Store,positive,0.25
·ä†·àÅ·äï ·åà·äì ·ä†·äï·ãµ ·ä•·à≠·àù·åÉ ·âÄ·ã∞·àõ·âΩ·ãç,5,2025-02-04,DASHEN,Google Play Store,neutral,0.0
Amizing Application üòç,5,2025-01-22,DASHEN,Google Play Store,neutral,0.0
Wow,5,2025-01-17,DASHEN,Google Play Store,positive,0.1
·å•·à© ·äê·ãç,5,2025-01-21,DASHEN,Google Play Store,neutral,0.0
Just Wow,5,2025-01-29,DASHEN,Google Play Store,positive,0.1
"Yea , it's a good idea to make it with the bank name, it will help for the bank easily to find the application, and customers can easily downloed and use the product. I wish all the best for Dashen bank initiative.",5,2025-01-15,DASHEN,Google Play Store,positive,0.6416666666666666
Very impressive interface with best security feature and user friendly app.,5,2025-01-15,DASHEN,Google Play Store,positive,0.7916666666666666
Best,5,2025-01-14,DASHEN,Google Play Store,positive,1.0
Wow,5,2025-01-16,DASHEN,Google Play Store,positive,0.1
Good,4,2025-03-21,DASHEN,Google Play Store,positive,0.7
nice app but limit up to max 600000,5,2025-06-24,DASHEN,Google Play Store,positive,0.6
"Great job my home, my bank.",5,2025-01-16,DASHEN,Google Play Store,positive,0.8
it is best app easy to use,5,2025-04-01,DASHEN,Google Play Store,positive,0.7166666666666667
nice application,4,2025-03-27,DASHEN,Google Play Store,positive,0.6
·ã≠·àÑ App ·ã∞·àµ ·ã≠·àã·àç ·àÅ·àã·âΩ·àÅ·àù ·ä†·ãç·à≠·ã±·âµ ·ä•·àã·àà·àÅü§≠,5,2025-07-19,DASHEN,Google Play Store,neutral,0.0
Exceptional Product.,5,2025-11-23,DASHEN,Google Play Store,positive,0.6666666666666666
V good ‚ùóÔ∏è,5,2025-01-24,DASHEN,Google Play Store,positive,0.7
nice app,4,2025-08-23,DASHEN,Google Play Store,positive,0.6
wowslnwoooo wowwww amazing !!!!!!!!,5,2025-04-28,DASHEN,Google Play Store,positive,1.0
great,4,2025-04-26,DASHEN,Google Play Store,positive,0.8
Best app.,5,2025-01-16,DASHEN,Google Play Store,positive,1.0
Amazing Application...,5,2025-05-16,DASHEN,Google Play Store,positive,0.6000000000000001
Good,1,2025-08-06,DASHEN,Google Play Store,positive,0.7
good,2,2025-09-01,DASHEN,Google Play Store,positive,0.7
network issue,1,2025-08-12,DASHEN,Google Play Store,neutral,0.0
viry good,5,2025-10-29,DASHEN,Google Play Store,positive,0.7
Amazing Application,5,2025-04-21,DASHEN,Google Play Store,positive,0.6000000000000001
Excellent promotion,5,2025-10-30,DASHEN,Google Play Store,positive,1.0
very nice,5,2025-04-04,DASHEN,Google Play Store,positive,0.78
great app,5,2025-04-30,DASHEN,Google Play Store,positive,0.8
good application,5,2025-07-15,DASHEN,Google Play Store,positive,0.7
very Nice,5,2025-05-23,DASHEN,Google Play Store,positive,0.78
great app,5,2025-09-23,DASHEN,Google Play Store,positive,0.8
thanks again,5,2025-04-21,DASHEN,Google Play Store,positive,0.2
100 good,5,2025-07-29,DASHEN,Google Play Store,positive,0.7
Well developed,5,2025-01-14,DASHEN,Google Play Store,positive,0.1
Good üëç,5,2025-08-05,DASHEN,Google Play Store,positive,0.7
Best,5,2025-01-13,DASHEN,Google Play Store,positive,1.0
nice,5,2025-05-13,DASHEN,Google Play Store,positive,0.6
fast,5,2025-05-12,DASHEN,Google Play Store,positive,0.2
its best,5,2025-05-19,DASHEN,Google Play Store,positive,1.0
its best,5,2025-05-23,DASHEN,Google Play Store,positive,1.0
Best,5,2025-06-29,DASHEN,Google Play Store,positive,1.0
exceptional,5,2025-11-05,DASHEN,Google Play Store,positive,0.6666666666666666
excellent,5,2025-08-13,DASHEN,Google Play Store,positive,1.0
good,5,2025-05-20,DASHEN,Google Play Store,positive,0.7
good,5,2025-05-30,DASHEN,Google Play Store,positive,0.7
nice,5,2025-07-12,DASHEN,Google Play Store,positive,0.6
incredible,5,2025-06-14,DASHEN,Google Play Store,positive,0.9
best,5,2025-08-02,DASHEN,Google Play Store,positive,1.0
nice,5,2025-09-27,DASHEN,Google Play Store,positive,0.6
good,5,2025-03-28,DASHEN,Google Play Store,positive,0.7
good,5,2025-05-27,DASHEN,Google Play Store,positive,0.7
nice,5,2025-04-04,DASHEN,Google Play Store,positive,0.6
bad.,1,2025-04-30,DASHEN,Google Play Store,negative,-0.6999999999999998
·ã≥·àΩ·äï ·â£·äï·ä≠ ·ã≠·àà·ã´·àç,4,2025-05-28,DASHEN,Google Play Store,neutral,0.0
·àô·äê·åÉ·âµ ·ä†·â•·ãµ·àã ·à∏·à®·çç,2,2025-09-30,DASHEN,Google Play Store,neutral,0.0
meke,4,2025-09-07,DASHEN,Google Play Store,neutral,0.0
tadass,1,2025-09-27,DASHEN,Google Play Store,neutral,0.0
seche,1,2025-08-22,DASHEN,Google Play Store,neutral,0.0
·å•·à© ·äê·ãç,5,2025-03-25,DASHEN,Google Play Store,neutral,0.0
wow,5,2025-05-14,DASHEN,Google Play Store,positive,0.1
wow,5,2025-06-03,DASHEN,Google Play Store,positive,0.1
wow,5,2025-07-26,DASHEN,Google Play Store,positive,0.1
Fayla,5,2025-07-20,DASHEN,Google Play Store,neutral,0.0
convinent,5,2025-10-22,DASHEN,Google Play Store,neutral,0.0
wow,5,2025-05-20,DASHEN,Google Play Store,positive,0.1
wow,5,2025-06-12,DASHEN,Google Play Store,positive,0.1
Naiycapp,5,2025-03-14,DASHEN,Google Play Store,neutral,0.0
wow,5,2025-06-09,DASHEN,Google Play Store,positive,0.1
I like it,5,2025-10-18,DASHEN,Google Play Store,neutral,0.0
Wow,5,2025-05-30,DASHEN,Google Play Store,positive,0.1
wow,5,2025-05-27,DASHEN,Google Play Store,positive,0.1
wow,5,2025-05-13,DASHEN,Google Play Store,positive,0.1
muhaammad bakko,5,2025-08-30,DASHEN,Google Play Store,neutral,0.0
Pro max,5,2025-01-17,DASHEN,Google Play Store,neutral,0.0
wow appl,5,2025-04-28,DASHEN,Google Play Store,positive,0.1
wow apo,5,2025-05-15,DASHEN,Google Play Store,positive,0.1
wowwwe app,5,2025-05-17,DASHEN,Google Play Store,neutral,0.0
·ä†·à≠·çç,5,2025-09-05,DASHEN,Google Play Store,neutral,0.0
50% good,4,2025-06-27,DASHEN,Google Play Store,positive,0.7
good,5,2025-06-16,DASHEN,Google Play Store,positive,0.7
Good,5,2025-08-16,DASHEN,Google Play Store,positive,0.7
